nome,cpf,idade,data,endereco,bairro,estado
Sr. Vitor Gabriel Silva,640 .***.***- 01,,,"Trevo Emanuel Silva, 482",Vila Tirol,AP
Calebe Santos,651 .***.***- 46,,,"Recanto Moraes, 7",Ernesto Nascimento,PB
Evelyn Pires,107 .***.***- 90,,,"Travessa de Caldeira, 237",Santa Terezinha,TO
Maria Julia Castro,164 .***.***- 43,,,"Residencial de Pereira, 20",Jatobá,AL
Arthur da Rosa,085 .***.***- 30,,,"Parque Almeida, 66",Vila Suzana Segunda Seção,SE
Juan Pereira,520 .***.***- 21,,,"Rodovia de Pereira, 51",Estrela,BA
Dra. Ana Laura Ribeiro,210 .***.***- 20,,,Esplanada Lavínia Ramos,São Francisco,SP
Maria Clara Araújo,960 .***.***- 80,,,"Praça Cavalcanti, 65",Conjunto Celso Machado,RO
Vitória Oliveira,302 .***.***- 83,,,"Esplanada Monteiro, 88",Conjunto Paulo Vi,GO
Benjamin Oliveira,451 .***.***- 84,,,"Ladeira Monteiro, 57",Vila Primeiro De Maio,CE
Pietro Barros,843 .***.***- 50,,,"Recanto Luiz Miguel Jesus, 35",Vila Aeroporto Jaraguá,PB
Samuel Cavalcanti,520 .***.***- 01,,,"Ladeira de Porto, 38",Nova America,TO
Ian da Costa,384 .***.***- 78,,,"Via de Jesus, 57",Vila Da Amizade,PB
Dr. Emanuel Costa,736 .***.***- 19,,,"Lago Castro, 94",Mariano De Abreu,RJ
Larissa da Cruz,128 .***.***- 60,,,"Setor Isadora da Rosa, 583",Chácara Leonina,RR
Diogo Carvalho,078 .***.***- 97,,,"Viaduto Pedro Lucas Cavalcanti, 49",Tiradentes,RS
Sr. Anthony Almeida,305 .***.***- 60,,,"Rua Vitor Hugo Pinto, 21",Anchieta,RJ
Clara Martins,397 .***.***- 86,,,"Rodovia Aragão, 245",Conjunto Lagoa,MG
Dr. Luiz Felipe Cardoso,374 .***.***- 20,,,"Alameda de Lima, 65",Boa Esperança,PE
Sr. Calebe Lopes,135 .***.***- 77,,,"Trecho Lucas Sales, 24",Dom Bosco,RO
Miguel Monteiro,097 .***.***- 41,,,"Passarela Igor Novaes, 89",Pompéia,SE
Srta. Catarina da Mata,468 .***.***- 57,,,"Sítio Luna Carvalho, 98",Novo Santa Cecilia,AM
João Gabriel Araújo,625 .***.***- 25,,,"Esplanada de Castro, 4",Vila Nova Cachoeirinha 1ª Seção,MT
Sr. Nicolas Azevedo,036 .***.***- 33,,,"Estrada de Aragão, 1",Vila Barragem Santa Lúcia,AC
Kamilly Caldeira,508 .***.***- 47,,,Via Gabriela Nascimento,Madre Gertrudes,AP
Renan Araújo,186 .***.***- 57,,,"Travessa Vinicius da Mata, 52",Alta Tensão 1ª Seção,CE
Vicente Nascimento,054 .***.***- 32,,,Largo Vieira,Milionario,DF
Isaac Rocha,873 .***.***- 69,,,"Área Lucas Gabriel Silveira, 51",Anchieta,PE
Julia das Neves,819 .***.***- 05,,,"Jardim Isabelly Gomes, 23",Nossa Senhora De Fátima,ES
Breno Rodrigues,196 .***.***- 34,,,Distrito de Silveira,Dona Clara,AM
Isabel Nogueira,968 .***.***- 65,,,Travessa Ana Júlia da Rocha,Miramar,TO
Anthony Araújo,208 .***.***- 26,,,"Avenida Milena Pires, 360",Vila Rica,AP
Sra. Marina da Cunha,067 .***.***- 95,,,"Rodovia Marcelo Souza, 25",Estrela,RN
Helena Cardoso,853 .***.***- 39,,,"Pátio Alexandre Teixeira, 243",Indaiá,RR
Luigi Nunes,593 .***.***- 24,,,"Via Clara da Rosa, 928",Castelo,RR
Srta. Raquel da Costa,278 .***.***- 09,,,"Estação Ribeiro, 46",Venda Nova,PB
Sra. Ana Vitória Oliveira,120 .***.***- 17,,,"Sítio de Cavalcanti, 97",Juliana,PA
Luiza Campos,974 .***.***- 03,,,"Condomínio de Rodrigues, 52",Conjunto Providencia,SC
Lucca da Paz,526 .***.***- 95,,,"Rodovia Vieira, 63",Conjunto Taquaril,RN
Nathan da Rosa,907 .***.***- 25,,,"Recanto de da Conceição, 1",Paraíso,AM
Lívia Silveira,804 .***.***- 85,,,"Setor de Azevedo, 375",Castanheira,AL
Isabel Cavalcanti,492 .***.***- 04,,,"Ladeira Pietra Cunha, 13",Vista Alegre,PA
Rafael Nunes,285 .***.***- 76,,,"Vereda Davi Lucca Barbosa, 35",Estrela Do Oriente,GO
Elisa Fogaça,572 .***.***- 92,,,"Rodovia Ana Júlia Araújo, 68",Vila Real 2ª Seção,PE
Agatha Ramos,948 .***.***- 85,,,"Distrito de Barros, 41",Suzana,RJ
Kamilly Rocha,946 .***.***- 48,,,"Feira Campos, 17",Cruzeiro,DF
Antônio das Neves,435 .***.***- 82,,,"Avenida Vitor Hugo Cardoso, 34",Vila São Rafael,SC
Luiz Gustavo Alves,198 .***.***- 10,,,"Rodovia de Souza, 63",Vila Nova Dos Milionarios,MS
Emanuella Fernandes,097 .***.***- 96,,,"Residencial Ian da Paz, 6",Padre Eustáquio,PR
Srta. Ana Beatriz Farias,431 .***.***- 39,,,"Ladeira de da Paz, 98",Jardim Dos Comerciarios,PE
Yago Monteiro,865 .***.***- 00,,,"Ladeira Pereira, 21",Buraco Quente,BA
Yasmin Gonçalves,017 .***.***- 14,,,"Área Barros, 46",Salgado Filho,BA
Bruna Nascimento,132 .***.***- 52,,,"Vereda Luiz Felipe Costa, 70",Minaslandia,DF
Davi Luiz Nogueira,873 .***.***- 50,,,"Vila Sales, 97",Paquetá,ES
Ian Monteiro,324 .***.***- 91,,,"Favela Alana Ribeiro, 318",Casa Branca,MS
Srta. Helena Silva,905 .***.***- 01,,,"Parque Freitas, 82",Ouro Minas,AC
Bárbara Novaes,038 .***.***- 15,,,"Trecho Bryan da Cunha, 1",Betânia,PA
Sr. Pedro Lucas Costela,534 .***.***- 00,,,Esplanada Moreira,Pindura Saia,ES
Rafael Jesus,673 .***.***- 80,,,"Campo de Barros, 16",Silveira,DF
Sra. Alícia Caldeira,051 .***.***- 70,,,"Distrito Esther Campos, 264",Apolonia,PA
Danilo Martins,760 .***.***- 39,,,"Largo Pires, 78",Bacurau,AP
Sr. Gabriel da Rosa,530 .***.***- 53,,,Campo Isabelly Freitas,Novo Santa Cecilia,CE
Augusto Teixeira,412 .***.***- 16,,,Favela Maria Novaes,Savassi,RR
Ana Julia da Rosa,630 .***.***- 65,,,"Trevo Moraes, 5",Cônego Pinheiro 1ª Seção,SP
Lucca Barbosa,836 .***.***- 77,,,"Rua Mendes, 337",Penha,SP
Amanda da Costa,268 .***.***- 29,,,"Lagoa Cardoso, 1",Ambrosina,SP
Dr. Francisco Cardoso,430 .***.***- 50,,,"Lago Maitê Campos, 31",Braúnas,TO
Lorena Farias,268 .***.***- 82,,,"Residencial Barbosa, 44",Zilah Sposito,AP
Anthony da Costa,935 .***.***- 97,,,"Recanto de Rocha, 68",Conjunto Califórnia I,SE
Cauã Rodrigues,107 .***.***- 87,,,"Vale Gustavo Henrique Alves, 50",Vila Madre Gertrudes 4ª Seção,AL
Anthony Barbosa,631 .***.***- 00,,,Vila Farias,Vila Satélite,RN
Ana Julia Almeida,179 .***.***- 09,,,"Fazenda de Porto, 3",Senhor Dos Passos,MA
Milena Barros,314 .***.***- 51,,,"Setor Miguel Pires, 3",Ermelinda,PA
Murilo Gomes,759 .***.***- 93,,,Morro de Castro,Vila Pilar,SP
Daniel Barbosa,812 .***.***- 98,,,"Praça Ferreira, 764",Vila Sumaré,CE
Dr. Samuel Cardoso,039 .***.***- 96,,,"Vereda Cauê Novaes, 14",Conjunto Califórnia Ii,BA
Ana Laura Sales,863 .***.***- 22,,,"Fazenda de Pinto, 42",São Jorge 1ª Seção,PR
Mariana Cunha,492 .***.***- 25,,,"Loteamento Luiz Felipe Teixeira, 87",Novo Ouro Preto,AM
Sr. João Guilherme Cavalcanti,347 .***.***- 70,,,"Quadra Emanuella da Conceição, 29",Cruzeiro,MS
Kamilly Rocha,365 .***.***- 10,,,"Rodovia Danilo Costa, 17",Alta Tensão 2ª Seção,MS
Gabriel Nunes,940 .***.***- 04,,,Vila Stephany Lima,Vista Do Sol,PA
Rafael Correia,579 .***.***- 05,,,"Morro de Cardoso, 47",Marçola,SE
Ana Lívia Barbosa,925 .***.***- 60,,,Lagoa Sarah Azevedo,Monsenhor Messias,CE
Maitê Teixeira,694 .***.***- 39,,,"Loteamento Oliveira, 29",Camponesa 1ª Seção,PE
Carlos Eduardo Santos,937 .***.***- 37,,,"Largo Nascimento, 97",Delta,PR
Enzo Gabriel Araújo,349 .***.***- 96,,,endereco invalido,Desconhecido,Desconhecido
Breno Moreira,184 .***.***- 49,,,"Aeroporto de das Neves, 7",Vila Sumaré,AL
Julia Lopes,106 .***.***- 31,,,"Conjunto de Cardoso, 5",Vila Minaslandia,PR
André Lima,645 .***.***- 70,,,Viaduto Cardoso,Belmonte,RO
João Gabriel Barbosa,190 .***.***- 67,,,Fazenda de Barros,Boa Esperança,DF
,438 .***.***- 56,,,Colônia Maria Vitória Moura,Aarão Reis,GO
João Felipe Oliveira,830 .***.***- 00,,,Avenida de Cardoso,Madre Gertrudes,RN
Samuel Vieira,218 .***.***- 53,,,"Lagoa Leandro Caldeira, 1",Chácara Leonina,MT
Lucca Ferreira,237 .***.***- 19,,,"Esplanada de das Neves, 5",Andiroba,MG
Samuel Castro,582 .***.***- 70,,,"Praia Eloah da Mata, 95",Cachoeirinha,AL
Enzo Gabriel Mendes, .***.***- ,,,"Recanto de Santos, 155",Jardim Alvorada,PA
Maria Vitória Teixeira,426 .***.***- 25,,,"Praia Carvalho, 7",Vila Nova,PA
Maria Fernanda Farias,907 .***.***- 20,,,"Área de Correia, 44",Chácara Leonina,AM
Fernanda Sales,879 .***.***- 32,,,"Vale Lorenzo Almeida, 80",Vila Mantiqueira,PE
Srta. Eduarda Nogueira,602 .***.***- 07,,,Chácara Isadora das Neves,Vila Da Amizade,PB
Maitê Ferreira,016 .***.***- 99,,,Estação Cunha,Calafate,PR
Catarina Pires,079 .***.***- 11,,,"Loteamento de Lima, 1",Vila Primeiro De Maio,MT
Manuela da Rocha,839 .***.***- 57,,,"Alameda de Gonçalves, 79",Saudade,SP
Nina Moura,604 .***.***- 25,,,"Quadra Bernardo Ferreira, 85",Marieta 1ª Seção,PA
Pedro Henrique Vieira,526 .***.***- 03,,,"Rodovia Alícia Dias, 58",Vila Boa Vista,RR
Ana Clara Cunha,862 .***.***- 02,,,"Rua de Cavalcanti, 8",Vila Da Paz,AC
Pietra Santos,508 .***.***- 67,,,"Esplanada de Silva, 1",Vila Puc,GO
Sr. Theo da Conceição,284 .***.***- 14,,,"Viaduto de Freitas, 12",Centro,RR
Vinicius da Costa,023 .***.***- 16,,,"Recanto Valentina Pinto, 52",Satelite,PA
Pedro Henrique Cunha,519 .***.***- 93,,,"Passarela de Santos, 501",Vila Atila De Paiva,ES
Davi Nogueira,564 .***.***- 11,,,"Morro Lucca da Rocha, 40",Bandeirantes,CE
Luiz Fernando da Paz,409 .***.***- 11,,,"Praça de da Paz, 5",Conjunto Jardim Filadélfia,TO
Srta. Letícia Rocha,137 .***.***- 32,,,"Fazenda João Felipe Souza, 78",Nova Pampulha,SC
João Nogueira,367 .***.***- 10,,,"Rodovia Cauê Monteiro, 50",Heliopolis,CE
João Gabriel Cardoso,962 .***.***- 34,,,"Área de Ferreira, 20",Vila Independencia 2ª Seção,AC
Ryan Ribeiro,409 .***.***- 48,,,"Núcleo Almeida, 41",Vila São Paulo,PB
Olivia das Neves,314 .***.***- 55,,,"Lagoa de Vieira, 25",Paquetá,AL
Maria Clara da Luz, .***.***- ,,,"Trevo Isaac Araújo, 12",São Bento,GO
Sr. Luiz Miguel Pinto,942 .***.***- 76,,,"Conjunto da Luz, 6",Chácara Leonina,SC
Elisa Teixeira,217 .***.***- 73,,,"Ladeira de Rodrigues, 58",Vila São Francisco,ES
Pedro Miguel das Neves,523 .***.***- 03,,,"Jardim de Nascimento, 7",Engenho Nogueira,RS
Maria Luiza Azevedo,064 .***.***- 47,,,"Quadra de da Cruz, 42",Vila Jardim Montanhes,PE
Lorenzo Silva,642 .***.***- 13,,,"Conjunto de da Cruz, 1",Mariano De Abreu,RJ
Bianca Souza,673 .***.***- 40,,,"Colônia Francisco Campos, 7",Vila Betânia,SC
Vitor Azevedo,643 .***.***- 20,,,Largo de Barbosa,Vila Nova Gameleira 1ª Seção,AL
Enzo Gabriel Lima,187 .***.***- 94,,,Aeroporto Rezende,Santo Antônio,SP
Eduarda Cunha,093 .***.***- 32,,,"Campo de Pinto, 72",Santana Do Cafezal,PI
Sra. Nicole da Rocha,367 .***.***- 03,,,"Setor de Ferreira, 742",Vila Antena,RR
Ana Clara Santos,430 .***.***- 04,,,"Ladeira de Sales, 15",Vila São Francisco,DF
Enzo Gabriel Castro,694 .***.***- 65,,,Ladeira de Teixeira,São Geraldo,PB
Nicole Ferreira,701 .***.***- 22,,,"Aeroporto Duarte, 9",Funcionários,ES
Erick Sales,498 .***.***- 48,,,"Trecho de Martins, 51",Vila Santa Monica 1ª Seção,PR
Anthony Barros,742 .***.***- 07,,,"Vila Alexia Viana, 87",Jardim Alvorada,PA
Renan da Rocha,986 .***.***- 10,,,"Morro Melo, 463",Grajaú,RO
Marcela Santos,843 .***.***- 42,,,"Residencial de Aragão, 65",Planalto,RN
Carolina Melo,970 .***.***- 05,,,"Vereda Kamilly da Rosa, 80",São Geraldo,SC
Lavínia Rezende,946 .***.***- 70,,,"Morro Davi Luiz Correia, 38",Vila São Paulo,CE
Srta. Julia Porto,502 .***.***- 61,,,"Distrito Ana Laura Aragão, 90",Jardim Do Vale,MA
Alana Cardoso,572 .***.***- 41,,,"Favela Gonçalves, 32",Cônego Pinheiro 1ª Seção,PR
Davi Lucas Cardoso,805 .***.***- 83,,,"Viela da Paz, 92",Serra,MT
Raul Santos,315 .***.***- 03,,,"Loteamento Emanuelly Sales, 135",Leticia,SP
Igor Melo,261 .***.***- 17,,,"Favela Oliveira, 67",Vila Copacabana,PR
Joaquim da Costa,274 .***.***- 56,,,"Condomínio Campos, 38",Dom Bosco,SP
João Felipe Farias,936 .***.***- 01,,,"Estação Milena Silva, 549",Bairro Das Indústrias Ii,PE
Manuela Almeida,647 .***.***- 30,,,"Feira Alice Ramos, 3",São João Batista,PE
Ryan Rocha,248 .***.***- 51,,,"Passarela Nogueira, 8",Castelo,PI
Luna da Conceição,935 .***.***- 91,,,"Campo Campos, 82",São Pedro,MA
Manuela Silva,591 .***.***- 73,,,"Jardim Beatriz Farias, 11",Acaba Mundo,AL
Maria Vitória das Neves,761 .***.***- 34,,,Lagoa Cavalcanti,Savassi,PE
Marcela Cunha,904 .***.***- 32,,,"Rua Sales, 4",Universo,SE
Bryan Souza,593 .***.***- 00,,,"Viaduto Thales Costela, 23",Mala E Cuia,BA
Kevin Cavalcanti,658 .***.***- 01,,,"Distrito Maria Moraes, 9",Vila Paris,PR
Sr. João Gabriel Martins,794 .***.***- 85,,,"Esplanada de Moura, 95",Boa Viagem,MA
Gabriela da Mata,746 .***.***- 90,,,"Viaduto de Peixoto, 16",Inconfidência,CE
Srta. Júlia Fernandes,650 .***.***- 98,,,"Condomínio Leandro da Mota, 20",Jatobá,TO
Bárbara Silveira,386 .***.***- 04,,,Trevo Carvalho,Vila Paraíso,RN
Vinicius Jesus,549 .***.***- 91,,,Morro de Duarte,Pindorama,RS
Srta. Alice Pires,536 .***.***- 56,,,"Praia Ana Carolina Correia, 11",Santa Sofia,RO
Lara Ferreira,698 .***.***- 75,,,"Rodovia de Fogaça, 96",Lajedo,RS
Felipe Freitas,863 .***.***- 01,,,"Rua Duarte, 85",Vila Real 1ª Seção,AC
Maysa Pires,852 .***.***- 11,,,"Sítio Mariana Almeida, 86",Carlos Prates,PR
Letícia da Mata,308 .***.***- 31,,,"Aeroporto da Paz, 54",Vila São Dimas,PR
Luigi Cunha,623 .***.***- 34,,,"Praia Nascimento, 541",Senhor Dos Passos,PA
Lucas Gabriel Gomes,120 .***.***- 40,,,"Distrito de Cardoso, 24",Flamengo,PI
Emanuelly Costela,152 .***.***- 97,,,"Vale de Vieira, 67",Suzana,PA
Calebe Nascimento,631 .***.***- 87,,,"Trecho Brenda Ferreira, 25",Lagoinha,RJ
Juan Pires,139 .***.***- 46,,,"Avenida de Santos, 89",São Pedro,MS
Lívia Costa,582 .***.***- 50,,,"Loteamento Oliveira, 12",Vila Da Ária,AM
Davi Lucas Nunes,679 .***.***- 03,,,"Vila Viana, 68",Nova Cintra,AM
Dr. Lucca Oliveira,806 .***.***- 75,,,"Passarela Jesus, 34",Vila Jardim Montanhes,PB
Eduardo Monteiro,037 .***.***- 65,,,Viaduto Caldeira,Vila Nova Paraíso,PE
Diogo Moraes,571 .***.***- 52,,,"Sítio Aragão, 73",Aguas Claras,RJ
Felipe Freitas,657 .***.***- 57,,,Área Gabriela Nascimento,Ermelinda,RR
Ryan Peixoto,830 .***.***- 98,,,"Estrada Agatha Correia, 79",Xodo-Marize,TO
Otávio Pires,526 .***.***- 01,,,"Pátio Ribeiro, 33",Vila Oeste,MS
Thiago Moreira,023 .***.***- 03,,,"Residencial Rebeca da Paz, 43",Santa Inês,SC
Pietro Lopes,428 .***.***- 19,,,"Aeroporto Moura, 81",Salgado Filho,SP
Gabriela Gomes,317 .***.***- 50,,,"Parque Mariane Araújo, 1",Flamengo,RO
João Miguel Viana,183 .***.***- 77,,,"Estrada de Carvalho, 309",Funcionários,DF
Sr. Luiz Henrique Nunes,031 .***.***- 77,,,"Via da Cunha, 11",Sport Club,TO
Srta. Ana Sophia Viana,937 .***.***- 68,,,"Rodovia Agatha Cavalcanti, 27",Santo Antônio,AP
Sr. Marcelo Aragão,418 .***.***- 40,,,Praça Raul Pires,Maria Virgínia,TO
Enzo Gabriel da Mota,018 .***.***- 24,,,Vila Farias,Braúnas,SE
Benjamin da Rosa,195 .***.***- 86,,,"Núcleo Maria Luiza Novaes, 100",Xangri-Lá,RJ
Ana Rezende,316 .***.***- 64,,,"Esplanada de da Cruz, 73",Eymard,PE
Dr. Thomas Dias,267 .***.***- 03,,,"Jardim Ana Carolina da Mota, 6",Vila Petropolis,AP
Breno Ribeiro,803 .***.***- 78,,,"Vereda de Costela, 27",Vila De Sá,MG
Lucas Gabriel Novaes,856 .***.***- 11,,,"Trevo Manuela Jesus, 927",Ipe,SC
Vicente Rodrigues,328 .***.***- 79,,,"Chácara Cardoso, 14",Vila Aeroporto,RN
João Lucas Vieira,985 .***.***- 05,,,"Praça de Oliveira, 35",Conjunto Santa Maria,RN
Dr. Luiz Henrique Freitas,951 .***.***- 88,,,"Residencial Luigi Duarte, 6",Manacas,SC
Dra. Luiza da Conceição,189 .***.***- 33,,,"Núcleo de Ferreira, 77",Lagoa,PR
Benjamin Cavalcanti,317 .***.***- 41,,,"Área de Fernandes, 37",Vila São Dimas,MT
Murilo Mendes,653 .***.***- 17,,,"Loteamento Porto, 4",Vila Santo Antônio,SE
Dr. Renan Rezende,609 .***.***- 38,,,"Área de Ribeiro, 688",Vila Vista Alegre,PR
Maysa Porto,081 .***.***- 84,,,"Pátio Carlos Eduardo Azevedo, 76",Havaí,RO
Pedro Lucas Pereira,873 .***.***- 35,,,"Quadra Almeida, 83",Paquetá,CE
Isadora Nogueira,480 .***.***- 05,,,"Feira Almeida, 72",Vila São Dimas,RJ
Gabriel Ramos,591 .***.***- 05,,,"Viaduto de Freitas, 46",Novo Glória,TO
Yago Ferreira,531 .***.***- 00,,,"Ladeira Agatha Almeida, 27",Vila Copacabana,RS
Samuel da Mata,521 .***.***- 11,,,"Residencial Cavalcanti, 50",Grota,MG
Sophie Pinto,317 .***.***- 50,,,"Colônia Bryan Costela, 404",Suzana,SE
Dr. Rafael Souza,436 .***.***- 07,,,"Rodovia de Moreira, 6",Santo Agostinho,AM
Vitor Hugo Lima,450 .***.***- 80,,,"Esplanada Oliveira, 654",Serra,PR
Dr. Bernardo da Cruz,230 .***.***- 50,,,"Rodovia Thomas Santos, 48",Vila Suzana Segunda Seção,AM
Caio da Cunha,926 .***.***- 00,,,"Vila Milena Porto, 70",Marieta 1ª Seção,RO
Stephany Duarte,642 .***.***- 46,,,"Lagoa Rebeca Novaes, 77",São Jorge 1ª Seção,SE
Kevin da Conceição,074 .***.***- 94,,,"Núcleo Sales, 59",Novo Das Industrias,PE
Srta. Giovanna Aragão,142 .***.***- 17,,,"Feira Sales, 82",Coração Eucarístico,AL
Pedro Henrique Pinto,653 .***.***- 37,,,"Colônia de Azevedo, 22",Centro,CE
Joaquim da Cruz,532 .***.***- 41,,,Alameda Fernandes,São Salvador,AM
Leandro Souza,560 .***.***- 86,,,"Estrada de Castro, 671",Trevo,PI
Beatriz Aragão,805 .***.***- 04,,,"Trecho Calebe Ferreira, 902",Funcionários,AL
Carlos Eduardo Teixeira,546 .***.***- 98,,,"Chácara João Gabriel Correia, 983",Vila Batik,ES
Joana da Rocha,915 .***.***- 33,,,"Lago Maria Cecília Dias, 93",Marçola,MG
Lucas Gabriel da Luz,203 .***.***- 70,,,Via de Santos,Delta,DF
Davi Lucas da Costa,502 .***.***- 52,,,"Viela Mariana Ferreira, 867",Cidade Jardim Taquaril,AL
Henrique da Rocha,713 .***.***- 44,,,"Via Caio Carvalho, 11",Inconfidência,AM
Lorena Fernandes,574 .***.***- 93,,,Residencial João Guilherme Campos,Vila Paraíso,PR
Nathan Nogueira,837 .***.***- 56,,,"Vereda Jesus, 420",Monsenhor Messias,DF
Srta. Maysa Rezende,726 .***.***- 55,,,"Setor de da Mata, 49",Zilah Sposito,PI
Erick Santos,680 .***.***- 67,,,"Rua Lavínia da Rosa, 9",Pedreira Padro Lopes,TO
Agatha Sales,983 .***.***- 30,,,"Setor de Santos, 49",Itatiaia,SP
Ana Beatriz Moreira,637 .***.***- 66,,,"Parque Thomas Nogueira, 74",Outro,AM
Antônio da Rocha,943 .***.***- 23,,,"Viela de Mendes, 45",Jardim Leblon,AM
Dra. Vitória Viana,813 .***.***- 24,,,"Loteamento Barbosa, 28",Vila Madre Gertrudes 2ª Seção,RO
Enzo Monteiro,534 .***.***- 04,,,"Trevo Barros, 87",Chácara Leonina,PR
Bernardo Santos,045 .***.***- 29,,,"Lagoa Isabella Viana, 20",Zilah Sposito,PR
Guilherme Cunha,237 .***.***- 02,,,"Fazenda Rezende, 619",Vila Da Paz,PI
Raul Rodrigues,193 .***.***- 33,,,Praça Souza,Santa Inês,SC
Pietra Lima,591 .***.***- 39,,,"Praça Almeida, 81",São Bento,MT
Camila Barbosa,560 .***.***- 59,,,"Vila Martins, 7",Casa Branca,PA
Kaique Almeida,078 .***.***- 02,,,"Passarela de Pires, 6",Olhos D'água,MS
Antônio Porto,015 .***.***- 60,,,"Aeroporto Lavínia Porto, 29",Barreiro,RR
Alana Rezende,216 .***.***- 60,,,"Parque de Aragão, 76",Cachoeirinha,ES
Vitor Almeida,134 .***.***- 00,,,"Vale Ramos, 60",Vila Santo Antônio,RR
Isabelly da Mota,709 .***.***- 48,,,Loteamento Nascimento,Engenho Nogueira,PA
Isis Oliveira,893 .***.***- 87,,,"Esplanada João Guilherme Barbosa, 39",Barão Homem De Melo 2ª Seção,AL
Carolina Gomes,845 .***.***- 28,,,Parque Nascimento,Vila Minaslandia,AL
Srta. Natália Rodrigues,548 .***.***- 88,,,"Largo Alves, 654",Vera Cruz,MS
Fernando Ramos,032 .***.***- 38,,,"Trevo de Azevedo, 36",Vila Barragem Santa Lúcia,PR
Gabriela da Cruz,109 .***.***- 77,,,"Área de Barros, 4",Vila Mangueiras,CE
Noah Cavalcanti,273 .***.***- 60,,,"Setor Arthur Barros, 58",Vera Cruz,MT
Clara Moreira,079 .***.***- 05,,,"Largo Gomes, 85",Vila Da Paz,PB
Laura Araújo,134 .***.***- 25,,,"Praia Agatha Cardoso, 1",Lagoinha,PI
Dr. Luiz Otávio Sales,472 .***.***- 60,,,"Via Novaes, 81",Vila São Paulo,MT
Emilly da Mata,839 .***.***- 83,,,"Pátio Castro, 51",Vila Trinta E Um De Março,ES
Kevin Rodrigues,086 .***.***- 50,,,"Campo Lima, 42",Conjunto Califórnia Ii,PE
Davi Pereira,209 .***.***- 89,,,"Esplanada Rafael Viana, 38",Apolonia,MG
Thomas Silva,891 .***.***- 89,,,"Travessa Beatriz Fogaça, 47",Fernão Dias,RN
Ana Lívia da Cruz,135 .***.***- 84,,,"Praça Correia, 3",Canadá,RJ
Sr. Vicente Silveira,318 .***.***- 57,,,"Viela Maria Cecília Viana, 44",Vila Copacabana,PA
Sophie Caldeira,403 .***.***- 17,,,"Vila Nina Moura, 41",Vila Santo Antônio,PA
Gabriel Costa,930 .***.***- 34,,,"Núcleo Carvalho, 87",Piraja,PI
Ana Carolina Costa,680 .***.***- 80,,,"Rodovia de da Luz, 710",Saudade,RO
Maitê Fogaça,543 .***.***- 57,,,Residencial Beatriz Lopes,Ermelinda,RN
Bruna Caldeira,259 .***.***- 03,,,"Aeroporto de Ferreira, 9",Senhor Dos Passos,AC
Caroline Moura,593 .***.***- 25,,,"Chácara da Luz, 27",Bonfim,SP
Sra. Ana Júlia Pires,561 .***.***- 06,,,Núcleo Cardoso,Barreiro,TO
Dra. Larissa Fernandes,503 .***.***- 51,,,"Residencial de Ribeiro, 11",Vila Santa Rosa,GO
Rodrigo da Luz,416 .***.***- 61,,,"Aeroporto de Campos, 63",São Gabriel,PB
Carlos Eduardo Barros,730 .***.***- 70,,,Loteamento de Rodrigues,Santa Cecilia,GO
Ana Laura Silva,047 .***.***- 66,,,"Vale Pinto, 70",Esplanada,PI
Maitê Nogueira,517 .***.***- 06,,,"Vale Costela, 5",Parque São José,SP
Ana Laura da Luz,681 .***.***- 90,,,"Jardim de Barros, 111",Caiçara - Adelaide,TO
Sra. Brenda Viana,154 .***.***- 01,,,"Pátio da Rocha, 793",Vila Rica,ES
Augusto Teixeira,360 .***.***- 47,,,"Setor Samuel Porto, 99",Bairro Das Indústrias Ii,AM
Dr. Francisco Lima,318 .***.***- 70,,,"Via Diego Lima, 60",Distrito Industrial Do Jatoba,AP
Isaac da Luz,293 .***.***- 83,,,"Área João Lucas Lima, 997",São Benedito,RO
Calebe Jesus,068 .***.***- 00,,,"Praia Vitor Gabriel Cunha, 89",Concórdia,SC
Kevin Melo,786 .***.***- 22,,,Viaduto Juliana Nogueira,Trevo,BA
Pedro Miguel Peixoto,079 .***.***- 68,,,"Passarela Moura, 85",Vila Rica,DF
Gabrielly Almeida,498 .***.***- 00,,,"Condomínio de Sales, 62",São Bernardo,PB
Murilo Correia,197 .***.***- 93,,,"Estação de Ribeiro, 893",Zilah Sposito,SP
Matheus Dias,156 .***.***- 53,,,endereco invalido,Desconhecido,Desconhecido
Stella Cardoso,798 .***.***- 39,,,"Estrada Ana Ramos, 10",Novo Tupi,GO
Marcela Barbosa,509 .***.***- 66,,,"Estação de Azevedo, 639",Vila Antena Montanhês,MS
Ana Carolina Pires,612 .***.***- 06,,,"Viaduto Eduarda Pinto, 76",Pousada Santo Antonio,RS
Helena Aragão,791 .***.***- 23,,,Morro Lavínia Almeida,Esperança,AP
João Gabriel Oliveira,496 .***.***- 09,,,"Travessa Oliveira, 28",Minas Brasil,MA
Maria Cecília Vieira,491 .***.***- 64,,,"Conjunto de Souza, 842",Petropolis,TO
Lorena Rodrigues,461 .***.***- 90,,,"Quadra de Fogaça, 57",Vila Nova Gameleira 3ª Seção,PE
Nicolas Cunha,873 .***.***- 53,,,"Estrada de Carvalho, 52",Conjunto Jardim Filadélfia,GO
Vitor Hugo Ramos,485 .***.***- 06,,,"Travessa Melo, 5",Biquinhas,ES
Luigi Aragão,704 .***.***- 74,,,"Largo de Rodrigues, 19",Campo Alegre,DF
Maria Julia Barros,123 .***.***- 77,,,Área Nogueira,Solimoes,PE
Luiz Gustavo Silveira,178 .***.***- 03,,,Estação Mendes,Colégio Batista,PR
Ana Júlia Fernandes,795 .***.***- 76,,,"Passarela de Carvalho, 69",Coração De Jesus,SE
Luiz Miguel Novaes,754 .***.***- 28,,,"Morro de Nascimento, 17",Coqueiros,MG
Gabriel Santos,142 .***.***- 30,,,"Largo Viana, 3",Vila Fumec,PE
Srta. Sophie Vieira,624 .***.***- 17,,,"Loteamento de Viana, 65",Conjunto Novo Dom Bosco,PI
Júlia Cardoso,482 .***.***- 02,,,"Feira Gustavo Nascimento, 911",Vila Calafate,RS
Dra. Gabriela Jesus,846 .***.***- 40,,,Vereda Cunha,Jardim Do Vale,ES
Dr. João Gabriel Correia,038 .***.***- 08,,,"Aeroporto Augusto das Neves, 847",Maria Helena,TO
Luiz Gustavo Jesus,625 .***.***- 02,,,"Feira Fogaça, 914",Vila Dos Anjos,PI
Rodrigo Ferreira,527 .***.***- 49,,,"Estação Moraes, 13",Carmo,MG
Alícia Ribeiro,514 .***.***- 94,,,"Feira Maria Julia Costela, 21",Mariano De Abreu,MG
Sr. André da Mata,169 .***.***- 15,,,"Loteamento de Lima, 16",Conjunto Providencia,SE
Srta. Maria Julia Campos,245 .***.***- 55,,,"Rodovia Pires, 57",Vila De Sá,SP
João Gabriel Ferreira,018 .***.***- 03,,,Pátio Carvalho,Vila Primeiro De Maio,AP
Thomas Moraes,291 .***.***- 05,,,"Parque Melo, 462",Vila Cloris,GO
Clara Melo,860 .***.***- 57,,,"Alameda Vitor Gabriel Lopes, 52",Pedreira Padro Lopes,MS
Luigi Cavalcanti,078 .***.***- 50,,,"Campo de Campos, 83",Vila Tirol,RN
Dra. Stella da Costa,340 .***.***- 51,,,"Passarela Oliveira, 48",Santa Monica,RO
Isabella da Paz,289 .***.***- 65,,,"Via Letícia Nunes, 280",Monsenhor Messias,AL
Enzo da Rocha,874 .***.***- 13,,,"Travessa Ribeiro, 92",Pindorama,GO
Olivia Fernandes,016 .***.***- 48,,,"Conjunto Eduardo da Paz, 2",Dom Joaquim,AP
André da Mata,648 .***.***- 08,,,"Feira Clara Lima, 5",Vila Independencia 3ª Seção,MA
Pedro Henrique Cavalcanti,938 .***.***- 86,,,"Núcleo de Rocha, 9",Sport Club,SP
Joaquim Silveira,671 .***.***- 12,,,"Vila de Freitas, 80",Santo Antônio,AC
Mirella Rodrigues,216 .***.***- 94,,,"Fazenda de Lima, 95",Vila Das Oliveiras,RJ
Sra. Isabelly Azevedo,087 .***.***- 76,,,"Ladeira Caldeira, 5",Vila Paris,AC
Dr. Samuel Ferreira,720 .***.***- 87,,,"Travessa Ana Lívia da Mata, 63",Madri,ES
Otávio Carvalho,643 .***.***- 90,,,"Residencial Costa, 9",Cidade Jardim Taquaril,SE
Dra. Stephany da Mota,154 .***.***- 51,,,"Colônia Monteiro, 49",Europa,MT
Cauê Mendes,152 .***.***- 44,,,"Lagoa das Neves, 36",Marçola,BA
Alexandre Nunes,496 .***.***- 33,,,"Esplanada Souza, 437",Álvaro Camargos,MG
Maria Fernanda Aragão,372 .***.***- 53,,,"Favela de Carvalho, 28",Confisco,RS
João Guilherme Silva,820 .***.***- 30,,,"Praça Caroline Almeida, 19",Conjunto Bonsucesso,DF
Lorena Rezende,753 .***.***- 95,,,"Lagoa de Fogaça, 92",Pantanal,MG
Maria Sophia da Cruz,690 .***.***- 34,,,"Vale Ana Julia Porto, 19",Alto Barroca,MG
Milena das Neves,685 .***.***- 89,,,"Residencial de Cunha, 20",Santana Do Cafezal,PB
Kamilly da Cunha,520 .***.***- 80,,,"Travessa Lucca Carvalho, 38",Aeroporto,RO
Luiz Miguel Aragão,937 .***.***- 12,,,Aeroporto Ana Clara Oliveira,Indaiá,AM
Ana Laura Ribeiro,754 .***.***- 47,,,"Praia de da Mata, 18",São Jorge 3ª Seção,RJ
Lorena da Mota,162 .***.***- 90,,,"Favela de Azevedo, 62",Lindéia,MA
Emanuella Souza,617 .***.***- 07,,,"Loteamento Ferreira, 493",Lagoa,PI
Cecília Pinto,498 .***.***- 30,,,"Campo Vinicius Campos, 2",Conjunto São Francisco De Assis,MG
Pedro Henrique Cunha,584 .***.***- 00,,,"Condomínio Bruna Mendes, 55",Pongelupe,CE
Sra. Eloah da Mota,901 .***.***- 03,,,"Loteamento Freitas, 30",Primeiro De Maio,SP
Samuel da Rocha,159 .***.***- 97,,,"Trecho de Freitas, 8",Vila Piratininga Venda Nova,TO
Melissa Almeida,705 .***.***- 92,,,"Alameda de da Rosa, 2",São Salvador,PE
Carlos Eduardo da Mota,894 .***.***- 20,,,"Largo Juliana Barbosa, 182",Concórdia,RN
Dr. Vitor da Mota,789 .***.***- 28,,,Viela de da Paz,Minaslandia,PE
Dr. Diogo Costela,962 .***.***- 73,,,"Passarela João Lucas Nogueira, 753",São Pedro,PE
Rafaela Rodrigues,578 .***.***- 60,,,"Campo Vinicius Silva, 27",Lagoinha,AC
Vitor Hugo da Conceição,716 .***.***- 55,,,"Viaduto de Castro, 65",Jardim Vitoria,RR
Ana Laura Caldeira,518 .***.***- 73,,,"Estrada de Rocha, 305",Lourdes,PE
Dra. Laura Silveira,472 .***.***- 49,,,"Pátio Lopes, 1",Varzea Da Palma,AM
Sr. Rafael Pereira,492 .***.***- 79,,,"Recanto Gustavo Pereira, 77",Santo Antônio,PE
Manuela Mendes,518 .***.***- 60,,,"Largo Kevin Barbosa, 2",Vila Da Ária,MG
Igor Lopes,073 .***.***- 22,,,Recanto Azevedo,Vila Cloris,CE
Marcelo Moreira,346 .***.***- 87,,,"Trecho Igor Barros, 77",Mariano De Abreu,ES
Thomas Costela,428 .***.***- 22,,,Alameda de Pinto,Pousada Santo Antonio,RS
Luiz Otávio Gonçalves,637 .***.***- 90,,,"Trevo Rezende, 51",Bela Vitoria,MG
Stella da Costa,063 .***.***- 07,,,"Estação de Freitas, 32",Corumbiara,RR
Luana da Cruz,083 .***.***- 86,,,Distrito Rocha,Luxemburgo,CE
Maria Cecília Lima,132 .***.***- 89,,,"Recanto Silveira, 47",Olhos D'água,ES
Melissa Teixeira,642 .***.***- 78,,,"Residencial de Pires, 28",Laranjeiras,RS
Dr. Vinicius Pires,163 .***.***- 10,,,"Distrito de Lopes, 397",Alto Dos Pinheiros,MS
Luiz Miguel Farias,962 .***.***- 00,,,"Feira Cardoso, 21",Conjunto Minas Caixa,RN
Breno Correia,148 .***.***- 67,,,"Conjunto Daniel Fernandes, 403",Garças,GO
Laís Costela,306 .***.***- 53,,,"Parque Maitê Santos, 42",Boa Viagem,RS
Dr. Diego da Mata,293 .***.***- 41,,,"Quadra de da Mota, 62",Alto Caiçaras,MG
Letícia da Mota,852 .***.***- 02,,,"Viaduto Jesus, 11",Conjunto Jatoba,DF
Luna Ferreira,843 .***.***- 14,,,"Alameda Anthony Fogaça, 11",Mantiqueira,RS
Dr. Emanuel Silveira,430 .***.***- 80,,,"Quadra de Fogaça, 28",Pantanal,PI
Lorena Sales,263 .***.***- 15,,,Fazenda Caldeira,Satelite,AM
Davi da Mata,846 .***.***- 39,,,Vila Alves,Jardim Atlântico,DF
Isabel Melo,748 .***.***- 09,,,"Feira Enrico Nogueira, 1",Itaipu,PB
Raul Oliveira,298 .***.***- 64,,,"Rua Pedro Miguel da Luz, 95",Nossa Senhora Do Rosário,PA
Levi da Mata,192 .***.***- 32,,,Vila de da Mata,Cônego Pinheiro 2ª Seção,CE
Heloísa Castro,587 .***.***- 44,,,"Sítio de Cardoso, 88",Acaiaca,RS
Sra. Júlia da Paz,046 .***.***- 74,,,"Jardim Maria Sophia Ferreira, 95",Vila Nova Paraíso,CE
Luana Viana,213 .***.***- 21,,,"Praça de Castro, 980",Ernesto Nascimento,SE
Sr. Renan Sales,364 .***.***- 83,,,"Praça Olivia Silveira, 49",Novo Das Industrias,AC
Caio Aragão,714 .***.***- 62,,,"Área de Barros, 86",Boa Esperança,RN
Srta. Lavínia Ribeiro,263 .***.***- 51,,,"Alameda Gustavo Henrique Gonçalves, 50",Beija Flor,RJ
Sofia da Mata,806 .***.***- 84,,,"Jardim de Lopes, 7",Planalto,AM
André Araújo,819 .***.***- 13,,,"Alameda de da Mota, 94",Vila Paquetá,CE
Nathan Azevedo,285 .***.***- 82,,,"Lagoa Milena Ramos, 4",Caiçara - Adelaide,AM
Camila Teixeira,982 .***.***- 40,,,"Setor da Cunha, 39",Jardim Montanhês,RJ
Srta. Clara Souza,510 .***.***- 71,,,"Área Peixoto, 32",Flavio De Oliveira,SE
Yuri Nascimento,129 .***.***- 73,,,"Vereda Matheus Azevedo, 2",Serrano,AC
Srta. Marcela Gonçalves,148 .***.***- 87,,,"Praia Raul Campos, 12",Conjunto Providencia,CE
João Ramos,936 .***.***- 87,,,"Jardim Enzo da Paz, 47",Vila Ouro Minas,PR
Renan Rocha,720 .***.***- 92,,,"Vale Oliveira, 22",Nova Suíça,RS
Sr. Caio Souza,453 .***.***- 33,,,"Conjunto Maria Vitória da Cunha, 59",Serra Do Curral,MG
Clarice Farias,743 .***.***- 22,,,"Alameda Maria Fernanda Castro, 87",Maravilha,PI
Marcos Vinicius Jesus,597 .***.***- 00,,,"Praça de Moraes, 588",Nova America,PA
João Pedro Nunes,910 .***.***- 42,,,"Jardim de Ramos, 69",Vila Nova Gameleira 3ª Seção,PA
Levi Farias,659 .***.***- 52,,,"Quadra Mendes, 42",Vila Pinho,GO
Dr. Enzo da Costa,791 .***.***- 75,,,"Campo Marcela Silveira, 66",Álvaro Camargos,AM
Heloísa Alves,029 .***.***- 79,,,"Fazenda de Moraes, 637",Buraco Quente,PR
Luiz Henrique da Mota,842 .***.***- 91,,,"Recanto Alves, 105",Saudade,RR
Camila Caldeira,903 .***.***- 03,,,"Lago Jesus, 71",Frei Leopoldo,MA
Arthur Mendes,918 .***.***- 05,,,Esplanada Cauã Teixeira,Jardim América,SP
João Felipe Campos,362 .***.***- 06,,,"Praia Heitor Castro, 6",Jardim Leblon,MS
Guilherme Azevedo,174 .***.***- 16,,,"Viela Benjamin Campos, 1",Pompéia,CE
Dra. Laura Cunha,364 .***.***- 50,,,"Núcleo Castro, 7",Maria Helena,BA
Noah Moraes,108 .***.***- 12,,,"Estrada Lucas Gabriel Caldeira, 856",João Pinheiro,MG
Davi Lucca Lopes,260 .***.***- 90,,,"Trecho Freitas, 427",Alto Dos Pinheiros,AP
Sophia da Cruz,621 .***.***- 15,,,Via Ribeiro,Flavio De Oliveira,PR
Igor da Luz,740 .***.***- 85,,,"Lago Silva, 75",Vila Oeste,AC
Dr. Samuel Nascimento,692 .***.***- 73,,,"Travessa Duarte, 59",Brasil Industrial,RO
Maria Fernanda Freitas,968 .***.***- 28,,,Favela Sarah Porto,Conjunto São Francisco De Assis,DF
Eduarda Costa,206 .***.***- 68,,,"Morro Enzo Gabriel Teixeira, 84",Mirtes,RS
Lorenzo Monteiro,069 .***.***- 20,,,"Área da Mota, 13",Minas Caixa,AP
Caroline Cardoso,618 .***.***- 17,,,"Viaduto de Moreira, 1",Vera Cruz,DF
Henrique da Rocha,329 .***.***- 99,,,"Núcleo Luiz Gustavo Costela, 99",Juliana,SE
Lucas Gabriel Oliveira,743 .***.***- 38,,,Via Araújo,São Cristóvão,SE
Sr. Arthur Jesus,418 .***.***- 93,,,Lago de Cardoso,Santa Cecilia,MG
Marcos Vinicius da Cunha,572 .***.***- 43,,,Viaduto de Cardoso,Inconfidência,PA
Antônio Nogueira,061 .***.***- 71,,,"Quadra de da Mata, 49",Ouro Minas,MT
Sophia Monteiro,601 .***.***- 15,,,"Núcleo Araújo, 155",Lindéia,PA
Dr. Leandro Silva,497 .***.***- 85,,,"Estação Silva, 18",Serra,AM
Amanda Farias,185 .***.***- 08,,,"Praia Lavínia Moraes, 29",Conjunto Jatoba,RJ
Srta. Luna Peixoto,912 .***.***- 23,,,"Fazenda Rafaela Costela, 37",Havaí,CE
Sr. Igor Campos,183 .***.***- 62,,,"Fazenda Ferreira, 849",Lagoa,AP
Maria Sophia Correia,948 .***.***- 75,,,"Residencial Alana Dias, 51",Vitoria,TO
Bruno da Cruz,293 .***.***- 73,,,"Rua Evelyn da Cunha, 2",Alta Tensão 1ª Seção,ES
Amanda Cavalcanti,351 .***.***- 00,,,"Fazenda de Duarte, 99",São Sebastião,AC
Bruno Melo,721 .***.***- 52,,,"Trevo de da Costa, 7",Esplanada,AC
Dra. Elisa Nunes,875 .***.***- 05,,,"Vale Erick Moreira, 48",Vila Nova Cachoeirinha 2ª Seção,AP
Calebe Ramos,942 .***.***- 40,,,"Parque de Moraes, 36",Gutierrez,TO
Sr. Arthur Moraes,306 .***.***- 87,,,"Passarela Lima, 87",Jatobá,RJ
Júlia Silveira,913 .***.***- 57,,,Pátio Vitor Gabriel Rocha,São João Batista,SC
Sra. Isabelly Silva,732 .***.***- 00,,,"Rodovia Agatha Lopes, 7",Vila São Gabriel,DF
Dr. Otávio Azevedo,457 .***.***- 30,,,"Aeroporto de Ferreira, 2",Santa Helena,CE
Maria Cecília Aragão,264 .***.***- 49,,,"Trevo Aragão, 535",Salgado Filho,GO
Noah da Rosa,742 .***.***- 22,,,"Avenida Ferreira, 7",Antonio Ribeiro De Abreu 1ª Seção,DF
Sra. Laura Azevedo,540 .***.***- 71,,,Viaduto Marcelo Ramos,Universo,SP
Dr. Francisco Moreira,702 .***.***- 08,,,"Núcleo Silva, 7",Jaraguá,CE
Mariane das Neves,912 .***.***- 05,,,"Rodovia de Freitas, 782",Parque São José,SC
Enzo Monteiro,309 .***.***- 56,,,"Quadra Silveira, 76",João Paulo Ii,MG
Diego da Rocha,093 .***.***- 83,,,"Conjunto da Rosa, 22",Pindura Saia,MS
Ana Laura da Cruz,798 .***.***- 49,,,Parque Rodrigues,Vila Da Amizade,RO
Ana Sophia Gomes,384 .***.***- 46,,,"Lagoa Porto, 44",Unidas,GO
Ana Laura Costa,502 .***.***- 85,,,"Vila Sales, 913",Bela Vitoria,SP
Felipe Souza,187 .***.***- 84,,,"Setor Peixoto, 47",Palmeiras,SE
Luana Novaes,287 .***.***- 87,,,"Parque Luiz Gustavo da Conceição, 34",Santa Margarida,RS
Sra. Yasmin Nogueira,360 .***.***- 15,,,"Lago de Rocha, 482",Belmonte,PE
Benício Melo,904 .***.***- 67,,,Recanto Maitê Pereira,Vila Suzana Primeira Seção,DF
Daniela Aragão,726 .***.***- 53,,,"Feira Otávio Pereira, 93",Piraja,RR
Davi Luiz Sales,740 .***.***- 13,,,"Trecho João Gabriel Pires, 64",Nova Pampulha,RS
Milena Souza,904 .***.***- 70,,,"Praça de Ribeiro, 9",Santa Inês,SP
Maria Eduarda Ferreira,438 .***.***- 60,,,Passarela de Caldeira,Vila Sesc,AP
Sr. Diogo Lima,302 .***.***- 00,,,Estrada Danilo Monteiro,Conjunto Califórnia Ii,BA
Dr. Carlos Eduardo Araújo,496 .***.***- 47,,,"Rodovia Sophia Rodrigues, 88",Vila Independencia 2ª Seção,RR
Marina Gomes,934 .***.***- 00,,,Lagoa Souza,Copacabana,ES
Gustavo Henrique Duarte,254 .***.***- 60,,,"Área Ana Sophia Pereira, 32",Minas Caixa,TO
Caio Ramos,832 .***.***- 73,,,"Viaduto de Sales, 92",Buraco Quente,AL
Rafael Nunes,462 .***.***- 19,,,"Núcleo Monteiro, 504",São Bernardo,TO
Enzo Gabriel Cardoso,726 .***.***- 67,,,Núcleo Ribeiro,Vila Nova Cachoeirinha 1ª Seção,PE
Davi Cardoso,065 .***.***- 90,,,"Praça Ana Júlia Rezende, 38",Vila Coqueiral,PA
Daniel Pires,274 .***.***- 47,,,"Avenida Bruna Rodrigues, 724",Diamante,ES
Brenda da Mata,532 .***.***- 19,,,"Pátio Rocha, 75",Havaí,AC
Samuel Dias,852 .***.***- 24,,,"Viaduto Enzo Gabriel Moreira, 72",Vila Real 2ª Seção,CE
Gustavo Henrique da Costa,917 .***.***- 50,,,"Residencial Ribeiro, 60",Flamengo,RO
Theo Fogaça,091 .***.***- 05,,,"Travessa Cardoso, 95",Alta Tensão 1ª Seção,MT
Sra. Alexia Carvalho,483 .***.***- 71,,,Quadra Lorenzo Pires,Vila Olhos D'água,AC
Juliana Martins,432 .***.***- 56,,,Campo de Souza,Vila Jardim São José,RR
Luiz Gustavo da Rosa,280 .***.***- 97,,,"Via de da Paz, 5",Dona Clara,AL
Gabriela Freitas,367 .***.***- 26,,,"Trevo Carvalho, 9",Grajaú,BA
Enzo Gabriel Vieira,812 .***.***- 76,,,Travessa Novaes,Boa Vista,TO
Srta. Luna Nascimento,815 .***.***- 60,,,"Passarela de Nascimento, 916",João Paulo Ii,AL
Sophie da Mata,971 .***.***- 97,,,"Avenida de Almeida, 78",Vila Atila De Paiva,AL
Clarice Alves,973 .***.***- 65,,,Avenida Heloísa Costa,Cabana Do Pai Tomás,AC
Catarina Rodrigues,138 .***.***- 84,,,"Núcleo Farias, 97",Lourdes,RR
Antônio Vieira,017 .***.***- 53,,,"Favela de Lopes, 473",Lagoinha Leblon,PR
Dr. Nicolas da Conceição,105 .***.***- 80,,,"Quadra Mariana Costela, 87",Grajaú,BA
Maria Alice da Costa,290 .***.***- 92,,,"Rua Cardoso, 76",Olhos D'água,MA
Sr. Lucca Martins,906 .***.***- 70,,,"Pátio Paulo da Rosa, 93",Belvedere,TO
João Pedro Costa,532 .***.***- 41,,,Feira Cardoso,Conjunto Minas Caixa,RN
Maitê Gonçalves,034 .***.***- 20,,,"Distrito Giovanna Rodrigues, 37",Marieta 3ª Seção,PR
Ana Laura Ferreira,326 .***.***- 74,,,Estrada de Ramos,Garças,RO
Sabrina da Mata,172 .***.***- 02,,,"Viela de Moraes, 56",Vila Maria,MS
Alexandre das Neves,183 .***.***- 24,,,"Área de Novaes, 52",Itapoa,ES
Isadora da Cunha,471 .***.***- 31,,,"Viaduto Freitas, 622",Jardim Atlântico,PE
Dr. Luigi Fernandes,834 .***.***- 55,,,"Distrito Thomas Pires, 77",Bairro Das Indústrias Ii,MT
Sr. Yago Cavalcanti,758 .***.***- 05,,,Estrada Melo,Vila Independencia 3ª Seção,AM
Carolina Peixoto,396 .***.***- 96,,,"Loteamento Dias, 21",Camponesa 1ª Seção,RN
Ana Lívia Porto,067 .***.***- 44,,,"Colônia Vieira, 6",Milionario,SE
Henrique da Mata,896 .***.***- 74,,,"Aeroporto Vinicius Rezende, 18",Conjunto São Francisco De Assis,PR
Enrico Aragão,490 .***.***- 75,,,"Praça Almeida, 95",Vila Novo São Lucas,AP
Milena Cavalcanti,523 .***.***- 70,,,"Trecho Kevin Castro, 70",São Geraldo,PR
Davi Lucca Melo,731 .***.***- 14,,,"Passarela Kamilly Moreira, 704",Cardoso,SP
Clarice Fernandes,192 .***.***- 73,,,"Vereda Jesus, 7",Esplanada,SP
Dr. Luiz Fernando das Neves,146 .***.***- 37,,,"Viaduto de Martins, 24",Vila Antena,RO
Caio Azevedo,428 .***.***- 82,,,"Largo Cardoso, 23",Vila Nova Gameleira 2ª Seção,AL
Enrico Novaes,457 .***.***- 38,,,"Vila Heloísa Barbosa, 666",Conjunto São Francisco De Assis,RN
Ana Clara Moreira,075 .***.***- 53,,,Residencial de Aragão,Andiroba,SC
Enrico Ribeiro,965 .***.***- 66,,,"Loteamento Lopes, 2",Vila Satélite,CE
Evelyn Aragão,548 .***.***- 07,,,"Estrada Rebeca Caldeira, 440",Marçola,GO
Thales Moreira,406 .***.***- 07,,,Quadra Farias,Jardim Guanabara,RO
Heitor Mendes,097 .***.***- 61,,,Lagoa de Farias,Alta Tensão 2ª Seção,AL
Sarah Nascimento,938 .***.***- 10,,,"Largo de da Costa, 400",Vila Jardim Alvorada,CE
Sra. Yasmin Melo,510 .***.***- 49,,,"Loteamento Almeida, 821",Conjunto Santa Maria,TO
Dra. Emilly Alves, .***.***- ,,,"Avenida Nicole da Paz, 26",Vila Oeste,SP
Sr. Marcelo Costela,895 .***.***- 38,,,"Chácara Clarice da Costa, 135",Cardoso,BA
Maria Cecília Araújo,752 .***.***- 52,,,"Distrito Nathan Melo, 3",Universitário,PA
Enzo Gabriel Ribeiro,965 .***.***- 02,,,"Recanto Nunes, 87",Vila União,AP
Miguel da Rosa,168 .***.***- 03,,,"Esplanada Carvalho, 8",Paulo Vi,CE
Maria Vitória Ferreira,914 .***.***- 69,,,"Lago Lima, 6",Providencia,SP
Sr. Vitor Gabriel Gomes,348 .***.***- 60,,,"Vale Costela, 49",Jonas Veiga,MT
Bianca Pinto,541 .***.***- 06,,,"Lagoa Sales, 43",Vila Santa Monica 2ª Seção,AL
Igor Melo,519 .***.***- 39,,,Viaduto Nogueira,Grota,RO
Sra. Vitória Carvalho,528 .***.***- 38,,,"Jardim Fernanda Moura, 767",Cdi Jatoba,AM
Sofia Duarte,412 .***.***- 28,,,"Morro Isaac Freitas, 543",Vila Nova Cachoeirinha 2ª Seção,RR
Brenda Nogueira,160 .***.***- 33,,,"Pátio de Almeida, 4",Mala E Cuia,TO
Rafael Fogaça,569 .***.***- 68,,,"Setor de da Rosa, 401",Nova Vista,SP
Ana Nascimento,295 .***.***- 61,,,"Chácara de Martins, 14",Nossa Senhora Do Rosário,RN
Dr. Juan da Rocha,475 .***.***- 80,,,"Ladeira de da Mota, 16",Vila Jardim Leblon,MT
Ana Laura Rocha,531 .***.***- 70,,,"Sítio Thomas Rodrigues, 41",São Damião,AL
Maria Alice da Rocha,906 .***.***- 22,,,"Travessa de Correia, 46",Guarani,AC
Elisa Lopes,790 .***.***- 30,,,Passarela Alexandre da Cunha,Vila Coqueiral,RR
Davi Lucca Pereira,597 .***.***- 60,,,"Jardim de Barros, 16",Vila Califórnia,CE
Marina Fogaça,410 .***.***- 20,,,"Praça Luiz Henrique Correia, 81",Guaratã,PE
Bernardo Ramos,105 .***.***- 98,,,"Lagoa Luiza Gonçalves, 979",Piratininga,SE
Ana Lívia Lopes,971 .***.***- 02,,,"Parque de Barbosa, 57",Anchieta,GO
Miguel Silva,920 .***.***- 00,,,"Ladeira das Neves, 9",Nova Floresta,PE
Sr. Arthur da Cruz,693 .***.***- 38,,,Lago de Cavalcanti,Vila Betânia,TO
Julia da Mota,571 .***.***- 20,,,"Feira Nogueira, 68",Santo Antônio,TO
Agatha Rocha,853 .***.***- 30,,,Setor de Dias,São Benedito,RS
Isabel Cardoso,608 .***.***- 40,,,"Campo da Mata, 42",Morro Dos Macacos,MG
Marcos Vinicius Moura,451 .***.***- 19,,,"Parque Dias, 687",Paulo Vi,PR
Levi da Cunha,718 .***.***- 75,,,"Colônia de Viana, 6",Pongelupe,SE
Cauã Vieira,427 .***.***- 61,,,Via da Mata,Bernadete,RO
Maria Alice Ferreira,105 .***.***- 80,,,"Praça de Duarte, 194",Guarani,MT
Dra. Isabelly Souza,725 .***.***- 30,,,"Campo de Moura, 60",Primeiro De Maio,RN
Heitor Rezende,174 .***.***- 39,,,"Área Duarte, 628",Conjunto Lagoa,RR
Maria Vitória Jesus,493 .***.***- 70,,,"Sítio de Moura, 13",Paraíso,RS
Emanuel Duarte,762 .***.***- 76,,,"Rua de Fogaça, 71",Ouro Preto,AM
Ian Lima,163 .***.***- 66,,,"Rua de Martins, 9",União,AC
Vitor Alves,687 .***.***- 22,,,"Esplanada Ana Laura Oliveira, 667",Ribeiro De Abreu,DF
Rafael Ramos,946 .***.***- 84,,,"Esplanada Almeida, 4",Vila Fumec,PR
Ryan da Cunha,412 .***.***- 52,,,Morro de Cardoso,Camponesa 2ª Seção,GO
Maria da Cunha,539 .***.***- 06,,,Residencial de Duarte,Vila União,PE
Srta. Milena Cardoso,832 .***.***- 40,,,"Praça Almeida, 71",Capitão Eduardo,RJ
Bryan Ramos,043 .***.***- 89,,,"Praia Costa, 35",Jardim Leblon,GO
Luigi Santos,273 .***.***- 52,,,"Via Luigi Peixoto, 61",São Gabriel,AP
Isabella Duarte,023 .***.***- 17,,,"Estrada Diogo da Mata, 91",Vila Nova Cachoeirinha 3ª Seção,PI
Sophie Azevedo,214 .***.***- 49,,,"Rua Kaique Freitas, 8",Universo,RR
Matheus Carvalho,592 .***.***- 09,,,Viela de Almeida,União,RN
Júlia da Cruz,714 .***.***- 39,,,Lagoa João Pedro Alves,Das Industrias I,PB
Vitor Peixoto,489 .***.***- 06,,,"Trevo de Cardoso, 40",Vale Do Jatoba,RS
Amanda Castro,305 .***.***- 41,,,"Favela Erick Pereira, 672",Vila Copacabana,AM
Lucas Lima,240 .***.***- 01,,,"Vale Igor Castro, 928",Maravilha,BA
Raquel Ramos,052 .***.***- 25,,,"Vereda de Costa, 27",Madre Gertrudes,RN
Dra. Rebeca Nascimento,431 .***.***- 37,,,"Residencial Nogueira, 954",Vila Oeste,PB
Theo da Conceição,846 .***.***- 46,,,"Fazenda Maria Ribeiro, 81",Vila São Paulo,SE
Thiago da Cunha,631 .***.***- 24,,,"Viela de Aragão, 291",União,RJ
Davi Lucas Moreira,169 .***.***- 02,,,"Estrada de da Costa, 92",Vila Do Pombal,PA
Helena Costela,950 .***.***- 68,,,"Colônia de Fogaça, 78",Vila Aeroporto Jaraguá,AC
Beatriz Peixoto,243 .***.***- 96,,,"Campo de Moura, 904",Alto Caiçaras,PE
Luigi Fernandes,846 .***.***- 20,,,"Estação Igor Cunha, 21",Pilar,PB
Gabrielly Almeida,831 .***.***- 14,,,"Estrada da Conceição, 23",Indaiá,MS
Luigi Porto, .***.***- ,,,"Parque de Santos, 88",São João,PI
Samuel Sales,439 .***.***- 55,,,"Morro de Costela, 73",Vila Da Luz,MG
Dr. Otávio Costa,095 .***.***- 59,,,"Chácara da Conceição, 2",Juliana,BA
Srta. Ana Beatriz da Mata,429 .***.***- 67,,,"Feira de Martins, 79",Vitoria Da Conquista,PA
João Rodrigues,594 .***.***- 76,,,"Colônia Duarte, 56",Marmiteiros,PE
Nathan Farias,521 .***.***- 32,,,"Travessa Joana Gonçalves, 44",Lajedo,AL
Dr. Rafael Pereira,581 .***.***- 55,,,"Sítio Isis Campos, 81",Distrito Industrial Do Jatoba,AC
Júlia Pereira,871 .***.***- 12,,,Lagoa Santos,Petropolis,MT
Dra. Laura Barbosa,031 .***.***- 04,,,"Ladeira de Moura, 84",Nova Suíça,RR
Juliana Pinto,385 .***.***- 93,,,"Rodovia Sales, 21",Vila Canto Do Sabiá,PI
Joana Monteiro,138 .***.***- 39,,,"Parque de Costela, 668",Aguas Claras,TO
Dr. Yago da Rocha,698 .***.***- 28,,,"Fazenda Cavalcanti, 859",Alto Barroca,MT
Miguel Nogueira,869 .***.***- 22,,,Quadra de Ferreira,Cenaculo,PI
Isadora da Rocha,725 .***.***- 70,,,"Via Igor da Mata, 81",Laranjeiras,ES
Clara Costela,380 .***.***- 50,,,"Trevo João Pedro Araújo, 7",Sagrada Família,DF
Dr. Enzo Gabriel Rocha,473 .***.***- 61,,,"Condomínio da Cunha, 4",Unidas,PA
Maysa Monteiro,615 .***.***- 44,,,"Parque Henrique Teixeira, 32",Grotinha,RR
Maria Alice da Rosa,710 .***.***- 66,,,"Vereda Silveira, 8",Bom Jesus,RR
Maysa Lopes,196 .***.***- 76,,,"Avenida de Araújo, 28",Esplanada,RS
Srta. Yasmin Jesus,586 .***.***- 44,,,"Fazenda Letícia Costela, 6",Petropolis,AM
Mariana Costela,372 .***.***- 00,,,"Campo Peixoto, 75",Independência,SC
Clara Almeida,842 .***.***- 92,,,"Parque Eloah Costa, 91",São Geraldo,RS
Sofia Aragão,687 .***.***- 08,,,"Rua de Santos, 955",Ambrosina,RS
Elisa Barros,546 .***.***- 20,,,"Estrada Sales, 13",Jardim Felicidade,RN
Joana Silva,349 .***.***- 57,,,Chácara Miguel Fogaça,Laranjeiras,PE
Lorenzo Porto,812 .***.***- 13,,,"Avenida de Araújo, 1",Nossa Senhora Da Aparecida,GO
Vitória Barbosa,583 .***.***- 77,,,"Vale de Monteiro, 267",Marieta 2ª Seção,ES
Alícia da Rosa,035 .***.***- 51,,,"Trecho Luana Barros, 338",Santa Maria,MG
Lucas Monteiro,739 .***.***- 75,,,"Parque Enzo Almeida, 62",Piratininga,AC
Rodrigo Caldeira,816 .***.***- 37,,,Condomínio Joana Lima,Piratininga,MT
Luna Rezende,456 .***.***- 57,,,"Esplanada Matheus da Costa, 90",Paulo Vi,RN
Diogo Rezende,680 .***.***- 24,,,"Residencial Novaes, 84",Vila Da Amizade,PI
Anthony da Costa,805 .***.***- 21,,,"Praia Ian da Mota, 383",Nova Cintra,RO
Maria Cecília Vieira,716 .***.***- 55,,,Rodovia Emanuel da Cruz,Nova Esperança,PE
Sra. Maria Julia Novaes,019 .***.***- 01,,,"Ladeira da Cruz, 635",Coqueiros,BA
João Pedro Peixoto,243 .***.***- 55,,,"Trecho Cavalcanti, 3",Acaba Mundo,PR
Alana Fernandes,198 .***.***- 09,,,"Estação Rocha, 975",Marieta 2ª Seção,SC
Sra. Mirella Rezende,247 .***.***- 50,,,"Vale de Cavalcanti, 98",Vila Havaí,ES
Gabrielly Moreira,608 .***.***- 62,,,"Lago Caldeira, 363",Barão Homem De Melo 1ª Seção,AM
Sra. Sofia Souza,605 .***.***- 48,,,"Vila Gomes, 366",Serra,PB
Mariane Melo,735 .***.***- 77,,,"Rodovia Ana Beatriz Cardoso, 97",Etelvina Carneiro,PR
Lorena Souza,048 .***.***- 49,,,"Vereda Sales, 83",Ouro Minas,AL
Fernando da Mata,280 .***.***- 08,,,"Ladeira Clara da Cruz, 37",Aparecida 7ª Seção,PB
Laura Cardoso,821 .***.***- 17,,,"Setor de Costa, 1",Nova America,ES
Marina da Cruz,724 .***.***- 26,,,"Avenida Castro, 718",Santo Agostinho,PE
Maria Rocha,163 .***.***- 03,,,"Recanto Isabel da Conceição, 6",Vila Madre Gertrudes 4ª Seção,RS
Pedro Henrique Almeida,318 .***.***- 57,,,"Núcleo de Rodrigues, 95",Maria Virgínia,AM
Dr. Davi Luiz Nunes,604 .***.***- 16,,,"Setor de Barros, 58",Vila Ouro Minas,SP
Vitor Gabriel Costela,175 .***.***- 43,,,"Praia Pietra Caldeira, 60",Túnel De Ibirité,GO
Dr. Luigi Barbosa,641 .***.***- 39,,,"Quadra Yasmin Caldeira, 4",Salgado Filho,PE
Rodrigo Azevedo,687 .***.***- 75,,,Praia de Nogueira,Califórnia,ES
Pedro Henrique Cardoso,324 .***.***- 04,,,"Rua de Castro, 65",Vila Jardim São José,PA
Sr. João Cardoso,032 .***.***- 74,,,"Pátio Antônio da Mota, 79",Maria Virgínia,PR
Maria Julia Nunes,381 .***.***- 35,,,Setor de Ferreira,Lorena,RN
Fernanda Duarte,453 .***.***- 15,,,"Vereda da Rocha, 6",Bandeirantes,MA
Marcos Vinicius Oliveira,280 .***.***- 95,,,"Parque de Azevedo, 8",Lagoinha Leblon,AL
Leandro Aragão,124 .***.***- 32,,,"Campo Gabriela Rodrigues, 9",Piraja,AC
Maria Alice Vieira,832 .***.***- 44,,,"Via Nogueira, 82",Andiroba,SE
Ana Luiza Jesus,541 .***.***- 91,,,endereco invalido,Desconhecido,Desconhecido
Guilherme Cardoso,197 .***.***- 21,,,"Trevo Nicole da Cruz, 7",Conjunto Providencia,RS
Luiz Felipe Azevedo,439 .***.***- 52,,,"Campo Erick Fernandes, 464",São Benedito,AC
Nathan Araújo,813 .***.***- 89,,,Quadra de Martins,Nazare,AM
Clara Ferreira,467 .***.***- 28,,,"Fazenda de Ferreira, 76",Conjunto Paulo Vi,MS
Felipe da Mata,634 .***.***- 69,,,"Estrada Gabrielly Rocha, 634",Ouro Minas,PA
Enzo Gabriel Azevedo,789 .***.***- 48,,,"Estação Cardoso, 175",Barão Homem De Melo 1ª Seção,SC
Maitê Barbosa,231 .***.***- 07,,,"Estrada Duarte, 37",Marmiteiros,MS
Srta. Isis da Cruz,073 .***.***- 78,,,"Praia Moreira, 20",São Jorge 2ª Seção,TO
Otávio da Mata,835 .***.***- 29,,,"Largo de da Cruz, 431",Mangueiras,TO
Sophie Castro,165 .***.***- 09,,,"Trevo de Moraes, 78",Bairro Das Indústrias Ii,TO
Diogo da Cunha,263 .***.***- 60,,,"Distrito Kaique Costa, 17",Novo Glória,RJ
Maria Clara Carvalho, .***.***- ,,,"Avenida de Barbosa, 65",Trevo,DF
Benício Fernandes,389 .***.***- 77,,,"Condomínio da Cunha, 964",Conjunto Califórnia I,ES
João Pedro Silva,523 .***.***- 06,,,"Praia de Almeida, 38",Vila Nova Gameleira 3ª Seção,MG
Heloísa Cunha,260 .***.***- 83,,,"Aeroporto Santos, 94",Ademar Maldonado,PI
Bruno Novaes,190 .***.***- 93,,,"Alameda de da Mata, 18",Barroca,MS
Levi Cavalcanti,291 .***.***- 55,,,"Aeroporto Aragão, 8",Guarani,DF
João Pedro Lopes,407 .***.***- 96,,,"Vereda Daniel Gonçalves, 6",Bacurau,PB
Heloísa da Luz,569 .***.***- 57,,,"Conjunto de Cunha, 63",Estrela,SP
Lorena Gomes,298 .***.***- 65,,,"Rodovia de Cavalcanti, 47",Capitão Eduardo,AP
Milena Vieira,623 .***.***- 51,,,"Loteamento Thiago Fernandes, 51",Graça,PB
Milena Ramos,160 .***.***- 34,,,Praça Breno Ribeiro,Vista Do Sol,PB
Vitor Hugo Ramos,286 .***.***- 78,,,"Viela Alice Nogueira, 65",Olaria,MA
Ana Julia Nascimento,197 .***.***- 31,,,Aeroporto Cavalcanti,Coqueiros,SE
Dr. Enrico Carvalho,254 .***.***- 00,,,Travessa de Santos,Garças,MT
Vitor Hugo Cunha,701 .***.***- 39,,,"Passarela Isis Porto, 38",Capitão Eduardo,PA
Dr. Samuel Moura,402 .***.***- 05,,,"Parque Daniel Pinto, 7",Vista Alegre,MT
Luana Nascimento,314 .***.***- 50,,,"Vila Letícia da Paz, 17",Marajó,CE
Dra. Maria Vitória Viana,250 .***.***- 00,,,Colônia de Moura,Morro Dos Macacos,PR
Sr. Calebe Duarte,936 .***.***- 04,,,"Alameda João Pedro Castro, 14",Vila Fumec,AM
Leonardo Costela,624 .***.***- 29,,,Via de Jesus,Caetano Furquim,MG
Benício Moreira,136 .***.***- 24,,,"Feira Marcos Vinicius da Cruz, 317",Leonina,MA
Lucca Mendes,819 .***.***- 76,,,"Via de Ferreira, 44",Cidade Jardim,MG
Sophie Farias,741 .***.***- 00,,,"Aeroporto de Ribeiro, 65",Mariquinhas,AM
Bruna da Rocha,845 .***.***- 19,,,"Loteamento Otávio Freitas, 74",Camponesa 2ª Seção,TO
Heitor Nascimento,493 .***.***- 84,,,Área Maria Fernanda Pinto,Nova Pampulha,MT
Rafael Porto,629 .***.***- 30,,,"Alameda da Mata, 64",Vila Boa Vista,MG
Luiz Miguel da Paz,647 .***.***- 80,,,"Estrada de Ribeiro, 73",Buritis,MG
Srta. Pietra Duarte,913 .***.***- 04,,,"Aeroporto de Nascimento, 13",Pongelupe,PR
Eloah Cunha,908 .***.***- 60,,,"Chácara de Costa, 62",Aparecida,PI
Bruna Rodrigues,625 .***.***- 67,,,"Campo da Costa, 719",Olaria,GO
Felipe Monteiro,172 .***.***- 68,,,"Quadra de Monteiro, 43",Novo Das Industrias,CE
Isis Campos,178 .***.***- 41,,,Estrada Pereira,Vila Batik,PE
Vitor Novaes,586 .***.***- 08,,,"Lagoa de da Rocha, 60",Jardim Atlântico,PI
Yago Porto,907 .***.***- 01,,,"Parque Alícia Cavalcanti, 234",Vila Piratininga,CE
Guilherme Campos,354 .***.***- 79,,,"Largo de Duarte, 24",Barro Preto,BA
Vitor Moraes,297 .***.***- 99,,,"Campo Enrico Lima, 20",Trevo,TO
João Gabriel Jesus,790 .***.***- 01,,,"Favela Martins, 7",Barão Homem De Melo 2ª Seção,ES
Dr. Vitor Hugo Rezende,796 .***.***- 58,,,"Ladeira Barros, 84",Xodo-Marize,AP
Dr. Arthur Carvalho,081 .***.***- 97,,,"Jardim Silveira, 35",Dona Clara,RR
Ryan Mendes,239 .***.***- 55,,,"Viaduto Evelyn Ribeiro, 56",Dom Silverio,MG
Ana Laura Silva,485 .***.***- 47,,,"Campo de Farias, 77",Paulo Vi,AM
Lorenzo Novaes,370 .***.***- 05,,,"Loteamento Alice Freitas, 3",Santa Lúcia,AL
Cauê Cardoso,019 .***.***- 60,,,"Trecho Alícia Monteiro, 61",São Jorge 3ª Seção,AL
Dra. Ana Luiza Silveira,324 .***.***- 40,,,"Alameda Pinto, 59",Cinquentenário,MT
Lavínia Azevedo,318 .***.***- 03,,,"Condomínio Larissa Teixeira, 216",Olhos D'água,BA
Letícia Jesus,451 .***.***- 19,,,"Vale de da Mata, 75",Bela Vitoria,TO
Bruna Ribeiro,352 .***.***- 10,,,Trevo Beatriz Cardoso,Prado,AP
Theo da Mata,758 .***.***- 44,,,"Feira Souza, 65",Santa Helena,AL
João Gabriel Porto,956 .***.***- 91,,,"Fazenda Luiza Campos, 62",Horto,GO
Maria Julia Freitas,178 .***.***- 53,,,"Loteamento de Gomes, 86",Liberdade,RS
Dr. Otávio Barros,683 .***.***- 21,,,"Condomínio Marina Costela, 29",Morro Dos Macacos,RR
Yasmin Gomes,827 .***.***- 35,,,"Feira Letícia Nascimento, 5",Unidas,MA
Sofia Novaes,576 .***.***- 83,,,"Aeroporto de Ribeiro, 57",Coração De Jesus,MT
Ian da Luz,152 .***.***- 77,,,"Feira Moura, 2",Das Industrias I,PB
Davi Luiz Souza,857 .***.***- 53,,,"Favela Peixoto, 76",Mangueiras,PE
Cecília Araújo,032 .***.***- 26,,,"Distrito Rezende, 61",Jardim América,MT
Luiz Gustavo Duarte,381 .***.***- 44,,,"Favela Caldeira, 98",Maria Helena,DF
Ana Julia Cardoso,704 .***.***- 88,,,"Chácara Campos, 423",Vila São Geraldo,MG
Gabrielly Lima,560 .***.***- 30,,,"Parque Alves, 70",Flavio De Oliveira,RN
Heloísa Ribeiro,437 .***.***- 37,,,Sítio Luiz Gustavo Cunha,Nova Vista,RJ
Letícia Costa,530 .***.***- 70,,,"Viela Yago Oliveira, 70",Serrano,RN
Ana Beatriz da Rocha,438 .***.***- 04,,,"Alameda João Fernandes, 25",Estrela Do Oriente,GO
Benjamin Moura,975 .***.***- 97,,,"Trevo de Rezende, 83",Coqueiros,AL
Ana Julia Fogaça,103 .***.***- 70,,,"Área de Gonçalves, 31",Vila Real 2ª Seção,RR
Clara da Mata,354 .***.***- 00,,,"Aeroporto de Gomes, 936",Vila Santo Antônio,MT
Fernanda Oliveira,102 .***.***- 14,,,"Trevo Correia, 72",Olhos D'água,RN
Laura das Neves,723 .***.***- 29,,,"Viaduto Vitor Gabriel Ferreira, 32",Minas Brasil,GO
Lívia Teixeira,694 .***.***- 29,,,"Alameda Teixeira, 9",Vila São João Batista,AL
Eloah Moreira,904 .***.***- 00,,,"Pátio de Nunes, 3",Vila Nova Dos Milionarios,CE
Lívia Cardoso,619 .***.***- 61,,,Campo de da Paz,Nova Vista,PE
Augusto Freitas,930 .***.***- 01,,,"Trevo Marcos Vinicius Jesus, 4",Alpes,AL
Raquel Fernandes,467 .***.***- 94,,,"Parque de Teixeira, 132",Vila De Sá,AM
Sr. Anthony da Costa,614 .***.***- 07,,,"Área Lima, 7",Vila São Francisco,PI
Murilo Melo,431 .***.***- 80,,,"Trecho Pires, 10",Nazare,MS
Srta. Mirella Barbosa,430 .***.***- 75,,,Pátio de da Rosa,Glória,SE
Gabriela das Neves,437 .***.***- 65,,,Avenida Emilly Pereira,Distrito Industrial Do Jatoba,AL
Bruno da Cunha,259 .***.***- 24,,,Quadra Costa,Bonsucesso,MA
Alexandre Rodrigues,740 .***.***- 85,,,"Vale Rezende, 20",Juliana,AL
Natália Rezende,784 .***.***- 11,,,"Sítio Nascimento, 64",São Lucas,MG
Emilly Caldeira,732 .***.***- 07,,,"Estrada Eduardo Porto, 85",Boa Vista,MA
Levi Azevedo,639 .***.***- 91,,,"Estação da Cruz, 13",Primeiro De Maio,PI
Nicole da Rocha,567 .***.***- 90,,,"Distrito Clara Viana, 41",Lajedo,CE
Joana Moreira,435 .***.***- 51,,,"Viela de das Neves, 139",Novo Glória,DF
Maria Eduarda Almeida,573 .***.***- 56,,,"Travessa de Barros, 4",Santa Helena,PB
Marcela da Cruz,876 .***.***- 78,,,"Viela Viana, 95",Santa Rita De Cássia,CE
Helena Nunes,843 .***.***- 42,,,"Feira Vieira, 28",Vila São Dimas,SC
Isaac Oliveira,209 .***.***- 01,,,"Rodovia Cardoso, 377",Santa Cecilia,MT
Manuela Pinto,094 .***.***- 20,,,"Praia Almeida, 6",Beira Linha,AM
Bryan Ramos,681 .***.***- 94,,,"Aeroporto de da Rocha, 27",União,MS
Sr. Enzo Gabriel Fernandes,769 .***.***- 21,,,"Rodovia Laís Nunes, 50",Vila Madre Gertrudes 2ª Seção,RR
Brenda Ramos,269 .***.***- 83,,,"Rodovia de Souza, 416",Conjunto São Francisco De Assis,PI
Yuri Rezende,564 .***.***- 89,,,"Praia Costa, 3",Vila Santo Antônio Barroquinha,AC
Luiz Miguel da Costa,630 .***.***- 34,,,Via Porto,Conjunto Capitão Eduardo,PR
Enzo Nogueira,187 .***.***- 69,,,"Campo Cauã Freitas, 66",Xangri-Lá,PB
Davi Lucca Azevedo,035 .***.***- 10,,,"Condomínio Cunha, 74",Camponesa 2ª Seção,PA
Luiz Otávio Fernandes,716 .***.***- 85,,,Núcleo Pietro Barros,Vila Piratininga,PE
Thomas Correia,083 .***.***- 66,,,"Aeroporto Melo, 31",Conjunto Celso Machado,AC
Davi Lucca Teixeira,647 .***.***- 26,,,"Condomínio de Lima, 66",Mirtes,GO
Luiz Gustavo Ribeiro,149 .***.***- 78,,,"Pátio Davi Lucca Viana, 6",Gameleira,PA
Pietra da Mata,427 .***.***- 08,,,"Feira Gonçalves, 4",Vila Paquetá,AP
Joaquim Azevedo,016 .***.***- 16,,,Núcleo Viana,Conjunto Jatoba,RN
Sra. Agatha Melo,506 .***.***- 60,,,"Feira de Oliveira, 1",Mariquinhas,RN
Maria Julia Lopes,613 .***.***- 68,,,"Campo Araújo, 10",Tiradentes,GO
Dr. Marcelo Cardoso,862 .***.***- 07,,,Lagoa Ana Sophia Oliveira,Pedreira Padro Lopes,RN
Catarina Moreira,207 .***.***- 11,,,"Jardim Sales, 42",Conjunto Minas Caixa,RO
Heitor Vieira,089 .***.***- 92,,,"Morro Aragão, 796",Estrela,MT
Luiz Fernando da Luz,071 .***.***- 01,,,"Aeroporto Pietro Oliveira, 4",Parque São José,RR
Sabrina Silva,216 .***.***- 69,,,"Rodovia Pedro Henrique Santos, 46",Lagoa,AL
Luiz Henrique Martins,648 .***.***- 82,,,"Praia Ferreira, 17",Heliopolis,RJ
Catarina Carvalho,196 .***.***- 10,,,"Vila de Farias, 46",Minas Caixa,AL
Ana Vitória Azevedo,529 .***.***- 01,,,"Campo Yasmin Moreira, 49",Funcionários,AP
Thales Campos,412 .***.***- 89,,,"Avenida Lavínia Castro, 46",Marieta 2ª Seção,SP
Thales Oliveira,369 .***.***- 50,,,Condomínio Levi Almeida,Vila Nova Cachoeirinha 3ª Seção,AM
Fernanda Cavalcanti,912 .***.***- 51,,,"Viela Isis Gomes, 43",Petropolis,AP
Dr. João Gabriel da Conceição,831 .***.***- 00,,,"Jardim Luiz Felipe Duarte, 1",Bela Vitoria,RR
Noah Barros,310 .***.***- 86,,,"Jardim Almeida, 48",Belvedere,MS
Dr. Felipe Novaes,685 .***.***- 59,,,"Pátio de Ribeiro, 16",Pindura Saia,RJ
Luiz Fernando Aragão,120 .***.***- 01,,,"Ladeira Mariane Santos, 7",Distrito Industrial Do Jatoba,SE
Ana Júlia Cardoso,812 .***.***- 76,,,"Vila Silveira, 86",Gameleira,PB
Marina Ramos,068 .***.***- 10,,,"Ladeira Duarte, 35",Urca,MT
Dra. Joana Lopes,619 .***.***- 11,,,"Viaduto de Novaes, 952",Dom Cabral,SP
Isabel Duarte,146 .***.***- 87,,,"Aeroporto Isaac da Conceição, 1",Vila Jardim Montanhes,MT
Paulo Jesus,078 .***.***- 92,,,"Fazenda de Porto, 4",Santa Lúcia,PR
Laura Costa,540 .***.***- 25,,,"Distrito de Moraes, 56",Alto Vera Cruz,AP
Sra. Milena Pinto,280 .***.***- 24,,,"Jardim Novaes, 13",Sion,RO
Danilo Ribeiro,109 .***.***- 80,,,"Ladeira de da Conceição, 76",Venda Nova,TO
Lívia Nunes,742 .***.***- 23,,,"Passarela de Porto, 65",Pousada Santo Antonio,PI
Alícia Rodrigues,349 .***.***- 16,,,"Travessa de Farias, 9",Esplanada,RS
Agatha Rezende,057 .***.***- 79,,,"Parque da Luz, 3",Grajaú,RR
Juliana Santos,605 .***.***- 59,,,"Parque de Silveira, 6",São Jorge 3ª Seção,MS
Maria Fernanda da Conceição,408 .***.***- 50,,,"Campo Santos, 714",Alto Barroca,RJ
Daniela Barbosa,861 .***.***- 64,,,"Área de Moreira, 82",Das Industrias I,DF
Arthur Pinto,562 .***.***- 25,,,Viela Kamilly Cunha,Vista Do Sol,SP
Emanuel Aragão,910 .***.***- 57,,,"Campo de da Cruz, 22",Conjunto São Francisco De Assis,SC
Dra. Alice Vieira,936 .***.***- 00,,,Rodovia Cunha,Das Industrias I,MA
Maria Cecília Moreira,805 .***.***- 71,,,"Passarela João Pedro Nunes, 6",Vila Oeste,DF
,532 .***.***- 41,,,"Estação Alves, 8",Vila Petropolis,PE
Maria Vitória Campos,380 .***.***- 57,,,"Viela da Costa, 16",Canadá,MA
Isabel da Conceição,819 .***.***- 93,,,"Vale Nogueira, 8",Bela Vitoria,CE
,013 .***.***- 69,,,"Parque Helena Pires, 852",Vila Jardim São José,AL
Dr. Thomas Nunes,967 .***.***- 46,,,"Vereda da Mota, 37",Vila Da Luz,SE
Lucca Moura,718 .***.***- 35,,,"Praia Bryan Martins, 8",Santa Amelia,SE
Diogo Souza,169 .***.***- 95,,,"Largo Maysa Cavalcanti, 6",Vila Satélite,AP
Juliana Costa,980 .***.***- 39,,,"Alameda de Campos, 32",Vila São Rafael,AL
Eduarda da Costa,739 .***.***- 48,,,"Jardim de Lima, 1",Das Industrias I,MT
Alana Freitas,427 .***.***- 73,,,Aeroporto Noah Jesus,Diamante,BA
Murilo Ramos,374 .***.***- 00,,,"Feira Jesus, 20",Aparecida 7ª Seção,DF
Cecília Souza,294 .***.***- 30,,,"Campo Emanuelly Gonçalves, 51",Novo Glória,BA
Raul Martins,187 .***.***- 26,,,"Alameda de Carvalho, 150",Saudade,RR
Renan Cavalcanti,072 .***.***- 77,,,"Trevo Nina Pereira, 99",Álvaro Camargos,CE
Sr. Diego Pires,842 .***.***- 41,,,"Morro Eduarda Farias, 92",Aarão Reis,AC
Sofia da Rocha,719 .***.***- 03,,,"Vale Davi Luiz Dias, 709",Vila Oeste,CE
Lorenzo Dias,271 .***.***- 04,,,"Favela Elisa Barbosa, 521",Jardim Vitoria,SC
Sr. Vitor Souza,426 .***.***- 83,,,"Aeroporto Laura Gonçalves, 7",Vila Vista Alegre,MG
Vitor Gabriel Cardoso,354 .***.***- 50,,,"Setor de da Luz, 81",São Cristóvão,GO
Pedro Rodrigues,790 .***.***- 20,,,"Trevo de Moreira, 63",Araguaia,PI
Eduarda Teixeira,745 .***.***- 17,,,"Ladeira Peixoto, 85",São Marcos,MA
Daniel Oliveira,753 .***.***- 08,,,Colônia Maitê Cardoso,Copacabana,DF
Isadora Nogueira,129 .***.***- 05,,,"Praia de Campos, 94",Candelaria,PR
Sr. Fernando Moraes,768 .***.***- 95,,,"Área Moreira, 8",Grajaú,PA
Luiza Araújo,246 .***.***- 10,,,Jardim de Dias,Mirtes,CE
Maria Luiza Pires,620 .***.***- 67,,,"Viela de Gonçalves, 79",Vila Havaí,SC
João Lucas das Neves,974 .***.***- 49,,,"Campo de Nascimento, 5",Serra Do Curral,SP
Vitor Gabriel Carvalho,387 .***.***- 92,,,"Viaduto Farias, 15",Sagrada Família,PR
Henrique Sales,196 .***.***- 39,,,"Jardim Cavalcanti, 94",Petropolis,BA
Henrique Ferreira,360 .***.***- 07,,,"Lago de Lopes, 6",Floramar,GO
Dra. Raquel da Mota,263 .***.***- 78,,,"Aeroporto de Fogaça, 29",Santa Sofia,TO
Levi Melo,513 .***.***- 09,,,"Travessa de da Luz, 42",Vila Nova Paraíso,MS
Ana Luiza Gomes,287 .***.***- 12,,,"Estação de da Costa, 211",Pilar,PA
Isaac Fernandes,572 .***.***- 07,,,"Recanto Rodrigues, 80",Minas Caixa,PI
Leandro Fernandes,018 .***.***- 15,,,"Praia Daniel Barbosa, 847",Silveira,BA
Dr. Breno Sales,135 .***.***- 42,,,Estação Miguel Rodrigues,Coração De Jesus,AL
Rafael Araújo,481 .***.***- 17,,,"Trevo Sofia Moreira, 67",Alta Tensão 1ª Seção,CE
Eduardo da Costa,043 .***.***- 31,,,"Quadra de Alves, 729",Camponesa 2ª Seção,PA
Dra. Larissa Fernandes,562 .***.***- 00,,,"Aeroporto Jesus, 2",São Francisco,ES
Milena da Rocha,864 .***.***- 49,,,"Alameda Araújo, 53",Piratininga,MS
Eduarda Aragão,362 .***.***- 90,,,"Viela de Sales, 68",Nova Esperança,TO
Sr. Ian Barbosa,149 .***.***- 70,,,"Morro Ryan da Luz, 43",Vila Nova Gameleira 2ª Seção,PB
Ian Cardoso,731 .***.***- 78,,,Área Ferreira,Jardim Montanhês,AP
Vitor Gabriel Ferreira,916 .***.***- 01,,,"Conjunto Farias, 36",Silveira,SE
Rodrigo Melo,982 .***.***- 89,,,Praia Marina da Rosa,São Jorge 3ª Seção,AC
Anthony Rezende,831 .***.***- 66,,,"Via de Viana, 68",Beija Flor,SC
Sra. Bianca Farias,783 .***.***- 26,,,"Viela Campos, 2",Anchieta,MG
João Carvalho,298 .***.***- 50,,,"Vereda de Aragão, 15",Horto,RR
Benício da Costa,783 .***.***- 07,,,"Vereda de Souza, 13",Europa,PR
Yuri Alves,896 .***.***- 03,,,"Colônia da Costa, 7",Ouro Minas,SE
Gabriela da Rosa,210 .***.***- 31,,,"Vale de Caldeira, 8",Ribeiro De Abreu,AL
Eduarda da Conceição,238 .***.***- 00,,,"Praia de Silva, 91",João Pinheiro,ES
Vicente Aragão,875 .***.***- 88,,,Avenida da Luz,Vila Inestan,AL
Srta. Sabrina Teixeira,682 .***.***- 89,,,"Estrada de da Rosa, 69",Jonas Veiga,AP
Antônio Santos,198 .***.***- 03,,,"Morro da Rocha, 84",Tirol,MT
Dr. Lucca Pinto,526 .***.***- 09,,,"Estrada Sabrina Freitas, 40",Acaba Mundo,DF
Emilly Vieira,924 .***.***- 33,,,"Recanto Miguel Moraes, 45",Penha,RS
Dr. Gabriel da Mata,701 .***.***- 69,,,"Feira de Farias, 28",Horto,RS
Emanuella Azevedo,406 .***.***- 01,,,"Sítio Moura, 50",Ápia,GO
Ana Julia Rocha,618 .***.***- 60,,,"Trevo Davi Lucca da Cruz, 72",Boa União 1ª Seção,PI
Milena Castro,482 .***.***- 82,,,"Chácara da Mota, 218",Conjunto Floramar,RJ
Lavínia Peixoto,204 .***.***- 50,,,"Feira Martins, 78",Estrela Do Oriente,RN
Enzo Gabriel Gomes,893 .***.***- 40,,,"Setor Luiz Henrique Monteiro, 4",Madri,MG
Laura Fogaça,196 .***.***- 80,,,"Chácara de da Mota, 4",Pompéia,PA
Sr. Vitor da Mata,062 .***.***- 78,,,endereco invalido,Desconhecido,Desconhecido
Sophie Pinto,023 .***.***- 40,,,Residencial Noah Mendes,Vila Atila De Paiva,SC
Sr. Kaique Peixoto,726 .***.***- 47,,,"Fazenda Moraes, 80",Vila Vista Alegre,ES
Luiz Henrique Mendes,248 .***.***- 76,,,"Travessa Leandro da Mata, 898",Vila Sesc,RO
Sr. Felipe Barros,569 .***.***- 57,,,"Área Raquel Moura, 8",Mangabeiras,TO
Ana Beatriz Pereira,798 .***.***- 01,,,Condomínio de Santos,Jaraguá,MG
Sr. Rafael Silva,238 .***.***- 15,,,"Estação Lara Almeida, 67",Sagrada Família,PE
Dra. Olivia Mendes,189 .***.***- 05,,,Residencial de Mendes,Jardim Guanabara,RR
Eduardo Sales,052 .***.***- 74,,,"Aeroporto Emanuel Barros, 4",Tres Marias,DF
André Rodrigues,375 .***.***- 91,,,"Trecho Gomes, 3",Barreiro,GO
Pedro Miguel Pereira, .***.***- ,,,"Estrada Letícia Barros, 923",Serra Verde,CE
Sophia Cavalcanti,092 .***.***- 56,,,"Alameda Paulo da Cruz, 70",Vila Madre Gertrudes 3ª Seção,PR
Carolina Sales,519 .***.***- 40,,,"Residencial Pinto, 95",Etelvina Carneiro,DF
Lucas Monteiro,654 .***.***- 37,,,"Lagoa de Silveira, 91",Trevo,PI
João Felipe Dias,850 .***.***- 42,,,"Condomínio Moura, 504",Santa Helena,SE
Dr. Ian Fogaça,248 .***.***- 32,,,Distrito de Cavalcanti,Vila Barragem Santa Lúcia,RJ
Lorena Barros,785 .***.***- 10,,,"Favela Letícia Jesus, 34",Novo Ouro Preto,MG
Sra. Ana Clara Teixeira,760 .***.***- 59,,,"Feira de da Conceição, 796",Mangabeiras,SE
Natália Monteiro,481 .***.***- 60,,,Morro de Ramos,Conjunto Taquaril,AM
Eduarda Duarte,893 .***.***- 30,,,"Quadra Lopes, 69",Vila Da Paz,CE
Larissa Carvalho,632 .***.***- 37,,,"Jardim de Carvalho, 5",Santo André,AL
Lara Moraes,549 .***.***- 09,,,"Vereda Araújo, 18",Garças,PI
Sophie da Rosa,254 .***.***- 50,,,"Pátio Fernandes, 59",Vila Ouro Minas,AM
Olivia Martins,391 .***.***- 39,,,"Jardim Vinicius Caldeira, 28",Jonas Veiga,DF
Thomas Barros,105 .***.***- 12,,,"Passarela de Araújo, 123",Andiroba,AM
Davi Luiz Azevedo,478 .***.***- 31,,,"Rodovia Eduarda Ramos, 87",Engenho Nogueira,PB
Danilo Santos,297 .***.***- 55,,,"Viela Ana Júlia Fernandes, 25",Pirineus,AC
Sr. Enzo Porto,496 .***.***- 67,,,"Vereda Cauê Barbosa, 141",Conjunto Providencia,MA
Bianca Alves,304 .***.***- 57,,,"Campo Rodrigues, 351",Brasil Industrial,MS
Alexia das Neves,267 .***.***- 00,,,"Residencial de Sales, 5",Vila Cloris,SE
Esther Campos,523 .***.***- 53,,,"Área de Castro, 108",Nova Vista,PI
Ana Júlia Freitas,584 .***.***- 17,,,"Estrada Fernanda Jesus, 2",Santa Margarida,AC
Maria Vitória da Mata,826 .***.***- 76,,,"Lagoa Pietro da Cruz, 524",Vila Santa Monica 2ª Seção,RO
Ryan da Mata,172 .***.***- 80,,,"Rodovia de Porto, 90",Marieta 2ª Seção,GO
Emilly Ribeiro,584 .***.***- 05,,,"Parque de Gomes, 71",Mala E Cuia,PA
Bernardo Pinto,217 .***.***- 12,,,"Esplanada de Moura, 30",Vila Petropolis,PA
Nicole Peixoto,829 .***.***- 89,,,Distrito Moraes,Indaiá,MS
Isaac da Conceição,867 .***.***- 85,,,"Lago da Luz, 59",Suzana,AM
Davi Lucca Santos,571 .***.***- 73,,,"Favela Beatriz da Costa, 77",Antonio Ribeiro De Abreu 1ª Seção,RJ
Paulo Lopes,186 .***.***- 11,,,"Passarela Davi Lucca Lopes, 37",Ernesto Nascimento,MG
Sophie Vieira,938 .***.***- 83,,,"Vereda de da Mota, 564",Jaqueline,MA
Rodrigo da Cruz,648 .***.***- 11,,,"Favela Costa, 372",Serra,GO
Sr. Samuel Barbosa,903 .***.***- 23,,,"Distrito Jesus, 34",Vila Rica,RS
Dr. Cauê Ramos,109 .***.***- 34,,,"Viela de Castro, 27",Álvaro Camargos,DF
Bruno Jesus,354 .***.***- 42,,,"Campo Moreira, 48",Tirol,RN
Lívia Correia,843 .***.***- 65,,,"Favela de da Rocha, 6",Carlos Prates,MS
Enrico da Rocha,241 .***.***- 05,,,Condomínio Maria Julia Cavalcanti,Vila São Dimas,PA
Rafaela Aragão,269 .***.***- 22,,,Chácara Maria Fernanda Castro,Marajó,PB
Dr. Marcos Vinicius Farias,475 .***.***- 80,,,Ladeira Castro,Jardim São José,MA
Larissa Lopes,015 .***.***- 12,,,"Largo Cavalcanti, 96",Floramar,SC
Isadora Carvalho,917 .***.***- 13,,,"Pátio de da Paz, 57",São João,SC
Sr. Vitor da Rocha,234 .***.***- 51,,,"Recanto de Novaes, 32",Serra Do Curral,TO
Isadora Pereira,501 .***.***- 06,,,"Jardim Stella da Costa, 91",Pompéia,BA
Dr. Bernardo da Cunha,147 .***.***- 79,,,"Residencial Marina Azevedo, 89",Lagoinha Leblon,MT
Gabrielly Mendes,954 .***.***- 50,,,"Praça João Rezende, 30",Céu Azul,RJ
Sr. Bruno da Mata,473 .***.***- 99,,,"Chácara Alice Ferreira, 678",Vila Calafate,TO
Breno Rocha,237 .***.***- 52,,,Estação de Rodrigues,Tres Marias,PA
Luigi Ferreira,148 .***.***- 19,,,Trevo Vieira,Nossa Senhora Aparecida,AP
Davi Lucca da Cruz,862 .***.***- 78,,,"Sítio de Novaes, 75",Vila São Dimas,AL
Henrique Almeida,824 .***.***- 31,,,"Área da Costa, 29",Dona Clara,MS
Dr. Vitor Hugo Caldeira,943 .***.***- 42,,,"Feira da Costa, 17",Vila Dos Anjos,SE
Alexia Souza,348 .***.***- 48,,,"Lagoa Alves, 97",Buritis,MT
Luiza Azevedo,683 .***.***- 92,,,"Recanto Elisa da Mota, 8",Alípio De Melo,AL
Dr. Kaique da Mota,143 .***.***- 60,,,"Setor Vinicius Moraes, 475",Nossa Senhora Aparecida,TO
Laura Lima,051 .***.***- 41,,,"Área Oliveira, 91",São Paulo,SP
Raul Rodrigues,039 .***.***- 05,,,"Aeroporto da Rocha, 499",Estrela,BA
Joaquim Melo,305 .***.***- 21,,,"Ladeira Ribeiro, 6",Vila Santo Antônio,PE
Benjamin Cardoso,054 .***.***- 44,,,"Trevo da Cunha, 2",São Bento,AL
João Miguel Lopes,741 .***.***- 26,,,"Via de Nunes, 63",Olaria,ES
Letícia da Mota,587 .***.***- 02,,,"Travessa de Lopes, 205",Mariano De Abreu,CE
Levi da Rocha,840 .***.***- 92,,,"Via Brenda Cunha, 49",Vila Da Ária,AC
Lorena Caldeira,625 .***.***- 60,,,"Praça Ana Luiza Fernandes, 5",Conjunto Jatoba,BA
Cauê Nogueira,473 .***.***- 64,,,Recanto Melo,Conjunto Providencia,ES
Sra. Yasmin Ferreira,805 .***.***- 68,,,"Lago de da Cunha, 6",Custodinha,RN
Nicole Almeida,529 .***.***- 79,,,Chácara João Gabriel Nogueira,Goiania,MG
Fernando Pereira,560 .***.***- 59,,,"Trecho de Rodrigues, 659",Alto Das Antenas,PR
Breno Pereira,916 .***.***- 91,,,"Residencial Gabriela Azevedo, 35",Vila Rica,PI
Clara Dias,190 .***.***- 50,,,"Conjunto da Conceição, 39",Outro,DF
Dra. Milena Vieira,237 .***.***- 87,,,"Campo Camila das Neves, 14",Granja De Freitas,MG
Vitor Gabriel Porto,394 .***.***- 43,,,"Residencial Luiza Correia, 598",Savassi,ES
Sr. Erick da Rosa,971 .***.***- 84,,,Núcleo de Caldeira,Vila São João Batista,AL
Marcos Vinicius da Cunha,709 .***.***- 04,,,"Lagoa de Rodrigues, 23",Vila Nova,RN
Sra. Nina Pires,651 .***.***- 26,,,"Viela Eloah Cunha, 42",Vila Suzana Primeira Seção,RS
Felipe Ribeiro,259 .***.***- 60,,,"Núcleo Maria Julia Cunha, 21",Vila Santa Rosa,PE
Maria Julia Porto,864 .***.***- 07,,,Alameda Nascimento,Vila Suzana Primeira Seção,GO
Pedro Cardoso,125 .***.***- 50,,,"Travessa de da Rosa, 86",Itaipu,PA
Rebeca da Paz,047 .***.***- 66,,,"Sítio de Costa, 5",Pantanal,TO
Enrico Gonçalves,637 .***.***- 46,,,Campo Bernardo Barros,Conjunto São Francisco De Assis,MG
Murilo Campos,031 .***.***- 22,,,Recanto Silva,João Paulo Ii,SP
Olivia Porto,608 .***.***- 65,,,"Conjunto Almeida, 3",Bela Vitoria,AC
Mirella da Conceição,854 .***.***- 05,,,"Pátio João Lucas Cardoso, 77",Maria Tereza,AM
Stephany Cardoso,453 .***.***- 46,,,"Praia Luiz Gustavo da Luz, 83",São João Batista,RO
Sr. Enrico Melo,829 .***.***- 89,,,"Esplanada Farias, 252",Caetano Furquim,GO
Dr. Gabriel Souza,432 .***.***- 52,,,"Rodovia de Costela, 116",São Geraldo,CE
Davi Jesus,914 .***.***- 70,,,"Quadra Vieira, 230",Cdi Jatoba,RO
Guilherme Freitas,517 .***.***- 07,,,"Trecho de Caldeira, 369",Santa Sofia,SE
Theo Costa,705 .***.***- 49,,,"Largo João Santos, 10",Vila Batik,RN
Dr. Gustavo Henrique das Neves,430 .***.***- 00,,,"Setor Juliana Fogaça, 605",Piraja,MA
Maria Luiza Gomes,821 .***.***- 53,,,"Área Ana Vitória Martins, 56",Xodo-Marize,BA
Davi Lucas Peixoto,610 .***.***- 07,,,"Área Thomas Moraes, 58",Canaa,RJ
Bruna Almeida,610 .***.***- 57,,,"Chácara Mendes, 64",Varzea Da Palma,PR
Juliana Ramos,846 .***.***- 05,,,"Vale de Duarte, 5",Horto Florestal,AM
Sarah Nascimento,560 .***.***- 99,,,"Alameda das Neves, 1",Planalto,MT
Brenda da Luz,037 .***.***- 22,,,"Viela Danilo Farias, 54",Lagoa,PE
Heloísa da Costa,648 .***.***- 19,,,"Favela Correia, 6",Vila Dos Anjos,SE
Emanuella Araújo,758 .***.***- 82,,,Rodovia Maria Julia Peixoto,Jardim Guanabara,AC
Vitor Viana,036 .***.***- 34,,,"Trecho de Oliveira, 41",Urca,AC
Yago Lopes,720 .***.***- 59,,,"Lagoa Danilo Fogaça, 756",Nova Gameleira,RO
Lívia Souza,308 .***.***- 50,,,"Colônia de Correia, 93",Laranjeiras,CE
Gabriela Cavalcanti,359 .***.***- 41,,,"Setor Oliveira, 4",São José,MA
Enzo Nogueira,309 .***.***- 00,,,Morro de Ferreira,Vila São João Batista,MG
Dr. Ian Barbosa,412 .***.***- 03,,,"Alameda Eduardo Barros, 60",Gameleira,PI
Gabriela Rocha,348 .***.***- 35,,,"Área Joaquim Nogueira, 98",Pedreira Padro Lopes,MA
Maria Julia Martins,576 .***.***- 12,,,"Loteamento de Nunes, 83",Jatobá,PB
Dra. Marina Santos,950 .***.***- 02,,,"Viela Alana Souza, 456",União,DF
Heloísa Teixeira,635 .***.***- 07,,,"Viela de da Cruz, 61",Bonsucesso,PA
Paulo Farias,593 .***.***- 15,,,"Esplanada Thomas Pires, 33",Providencia,AP
Gabrielly Cardoso,127 .***.***- 43,,,Estrada da Cruz,Aparecida,AP
Davi Aragão,598 .***.***- 20,,,"Residencial de Cardoso, 66",Vila Santo Antônio,SE
Yago Peixoto,380 .***.***- 05,,,"Condomínio de Nunes, 436",Vila Betânia,PI
Erick da Conceição,983 .***.***- 83,,,"Morro Nunes, 657",Ipe,CE
Isis Araújo,216 .***.***- 13,,,"Praia de Campos, 82",Vila Oeste,SP
Dr. Nicolas Rezende,460 .***.***- 49,,,"Esplanada Marcela Castro, 36",Flavio De Oliveira,PA
Sr. Samuel Nascimento,914 .***.***- 24,,,Setor Luana Ramos,Nova Pampulha,AC
Sra. Maria Fernanda Barbosa,718 .***.***- 03,,,"Esplanada Pedro Nascimento, 71",Vila São Paulo,GO
Luiz Felipe Farias,069 .***.***- 74,,,"Favela Kaique Fogaça, 19",Castelo,AL
Sr. Calebe Silva,402 .***.***- 49,,,Rodovia de Castro,Santa Branca,ES
Emanuella Gonçalves,107 .***.***- 02,,,endereco invalido,Desconhecido,Desconhecido
Augusto Oliveira,246 .***.***- 17,,,"Colônia Costa, 81",Vera Cruz,RO
Pedro Azevedo,953 .***.***- 65,,,"Vale Vieira, 49",Comiteco,RS
Sra. Maria Luiza Fogaça,650 .***.***- 06,,,"Recanto de Moreira, 426",Santo Agostinho,MT
Eduarda Oliveira,365 .***.***- 83,,,"Sítio Clarice Sales, 99",Silveira,PB
Paulo Ramos,490 .***.***- 43,,,Sítio Azevedo,Vila Mantiqueira,DF
Beatriz Pires,275 .***.***- 21,,,Recanto de Castro,Centro,MA
Fernando Azevedo,790 .***.***- 99,,,"Estação Rafael Nunes, 90",Jardim São José,RO
Eloah Silva,037 .***.***- 61,,,"Viela da Rocha, 160",Barão Homem De Melo 2ª Seção,BA
Caio Araújo,407 .***.***- 14,,,"Morro Ribeiro, 11",Casa Branca,GO
Sra. Valentina Sales,269 .***.***- 31,,,"Sítio Ramos, 73",Cachoeirinha,MG
Melissa Cunha,719 .***.***- 73,,,"Ladeira Luiza Pinto, 9",Conjunto Minas Caixa,MT
Laís da Paz,139 .***.***- 33,,,"Lagoa Cavalcanti, 12",Vila Ecológica,SP
Heitor Silveira,183 .***.***- 89,,,Avenida Azevedo,Santa Maria,MA
Fernanda Moraes,064 .***.***- 44,,,"Avenida Rocha, 13",Alta Tensão 2ª Seção,PI
Alana Souza,801 .***.***- 42,,,"Praia Moreira, 1",Cardoso,SE
Srta. Caroline da Rosa,192 .***.***- 98,,,"Passarela Rocha, 96",Buraco Quente,SP
Stephany Vieira,682 .***.***- 22,,,"Travessa Guilherme Carvalho, 7",Jonas Veiga,MS
Enzo Barros,794 .***.***- 16,,,"Estação Fernandes, 85",Nova Floresta,GO
Caroline Peixoto,036 .***.***- 30,,,"Loteamento Thales Pires, 51",Vila União,RR
Maria Vitória Novaes,804 .***.***- 58,,,"Via Vieira, 26",Ouro Preto,GO
Bruna Moura,240 .***.***- 06,,,"Quadra Amanda Martins, 4",Universo,MG
Maitê Peixoto,501 .***.***- 58,,,"Distrito Caldeira, 95",Serra,PI
Dr. Anthony Barbosa,749 .***.***- 20,,,"Distrito de Fogaça, 13",Pompéia,AP
Alexandre Jesus,269 .***.***- 34,,,"Aeroporto de Fogaça, 74",Vila Santa Monica 2ª Seção,BA
Marcos Vinicius Campos,421 .***.***- 22,,,"Trecho de Barbosa, 7",São José,RJ
João Miguel Moura,371 .***.***- 05,,,"Praça de Costela, 38",Renascença,MS
Ana Júlia Cardoso,096 .***.***- 00,,,"Praia da Mata, 88",Vila Piratininga Venda Nova,RJ
Stella Rodrigues,870 .***.***- 92,,,"Loteamento Maria Alice Costela, 63",Santa Maria,ES
Rebeca da Rosa,640 .***.***- 22,,,Trecho da Mata,Barroca,SC
Henrique Monteiro,378 .***.***- 73,,,"Largo Theo Silva, 91",Nossa Senhora Da Conceição,SP
Ana Beatriz Teixeira,243 .***.***- 17,,,"Viaduto Ferreira, 22",Goiania,PE
Luigi da Rosa,316 .***.***- 87,,,"Pátio de Rocha, 4",Cinquentenário,MG
Melissa Dias,170 .***.***- 05,,,"Quadra Isabel Castro, 40",Biquinhas,PI
Beatriz Nunes,483 .***.***- 44,,,"Praça das Neves, 274",São Jorge 3ª Seção,SC
Raquel Campos,213 .***.***- 13,,,"Estação Ana Lívia Farias, 3",Vila Santa Rosa,GO
Alícia Nascimento,578 .***.***- 59,,,"Aeroporto Alícia Vieira, 84",Comiteco,TO
Maria Julia Vieira,495 .***.***- 67,,,"Vale Oliveira, 15",Gameleira,PR
Igor Ramos,695 .***.***- 77,,,"Lago de Caldeira, 4",Beija Flor,AC
Alice Cardoso,123 .***.***- 09,,,"Viaduto Araújo, 76",São Bento,PR
Julia das Neves,201 .***.***- 32,,,"Praça Maria Sophia da Cunha, 71",Vila Batik,PI
Kamilly Rezende,470 .***.***- 74,,,"Setor de Pires, 39",Conjunto Jatoba,RO
Breno Freitas,205 .***.***- 41,,,"Loteamento de Ferreira, 24",Nova Suíça,PA
Ana Lívia da Paz,347 .***.***- 69,,,"Ladeira Gomes, 10",Califórnia,RJ
Sr. Daniel Cavalcanti,609 .***.***- 33,,,"Núcleo de da Paz, 894",Sion,GO
Sr. Pedro Cavalcanti,863 .***.***- 84,,,Recanto de Melo,Nossa Senhora Do Rosário,BA
João Melo,053 .***.***- 20,,,"Via de Santos, 172",Jardinópolis,AL
Eloah Viana,694 .***.***- 22,,,"Chácara Isabella Melo, 9",Engenho Nogueira,PB
Rafael da Mota, .***.***- ,,,"Condomínio Souza, 65",Leonina,AM
Catarina Vieira,631 .***.***- 28,,,"Lagoa Moraes, 1",Fazendinha,GO
Dra. Emanuelly da Luz,549 .***.***- 20,,,"Trevo Peixoto, 13",Jardim Alvorada,RS
Júlia Araújo,324 .***.***- 14,,,"Passarela de Alves, 45",Conjunto Celso Machado,AL
Enrico Aragão,496 .***.***- 34,,,Trevo de Porto,Jardim Leblon,AM
Sr. Bruno Pires,428 .***.***- 49,,,"Quadra Pinto, 896",Nova Gameleira,AM
Daniela Freitas,786 .***.***- 28,,,"Aeroporto de Pires, 59",Nossa Senhora Da Conceição,CE
Samuel Caldeira,801 .***.***- 86,,,Campo Monteiro,Cabana Do Pai Tomás,AP
Nome invalido,930 .***.***- 38,,,"Colônia da Rocha, 31",Jardim América,RN
Nome invalido,146 .***.***- 00,,,"Estrada Nogueira, 21",Atila De Paiva,PB
Renan da Luz,294 .***.***- 23,,,Rua não cadastrada,Bairro não cadastrado,PR
Caroline Costa,401 .***.***- 88,,,Rua não cadastrada,Bairro não cadastrado,RS
Giovanna Farias,241 .***.***- 35,,,Rua não cadastrada,Bairro não cadastrado,RJ
Maitê Araújo,496 .***.***- 55,,,Rua não cadastrada,Bairro não cadastrado,RS
Lavínia da Mota,039 .***.***- 00,,,Rua não cadastrada,Bairro não cadastrado,ES
Igor Cardoso,345 .***.***- 05,,,Rua não cadastrada,Bairro não cadastrado,AM
Maria Julia Campos,018 .***.***- 13,,,Rua não cadastrada,Bairro não cadastrado,MG
Marcos Vinicius das Neves,617 .***.***- 02,,,Rua não cadastrada,Bairro não cadastrado,RO
Isabel Barbosa,986 .***.***- 02,,,Rua não cadastrada,Bairro não cadastrado,MG
Ryan Gomes,861 .***.***- 60,,,Rua não cadastrada,Bairro não cadastrado,SP
Breno Duarte,463 .***.***- 98,,,Rua não cadastrada,Bairro não cadastrado,TO
Eloah Peixoto,064 .***.***- 16,,,Rua não cadastrada,Bairro não cadastrado,MG
Luiza Sales,726 .***.***- 80,,,Rua não cadastrada,Bairro não cadastrado,GO
Dr. Alexandre Sales,427 .***.***- 40,,,Rua não cadastrada,Bairro não cadastrado,SP
Alícia Campos,162 .***.***- 94,,,Rua não cadastrada,Bairro não cadastrado,GO
Isaac Oliveira,209 .***.***- 01,,,"Rodovia Cardoso, 377",Santa Cecilia,MT
Sr. João Cardoso,032 .***.***- 74,,,"Pátio Antônio da Mota, 79",Maria Virgínia,PR
Enzo Gabriel Vieira,812 .***.***- 76,,,Travessa Novaes,Boa Vista,TO
Theo da Conceição,846 .***.***- 46,,,"Fazenda Maria Ribeiro, 81",Vila São Paulo,SE
Dr. Diego da Mata,293 .***.***- 41,,,"Quadra de da Mota, 62",Alto Caiçaras,MG
Lívia Nunes,742 .***.***- 23,,,"Passarela de Porto, 65",Pousada Santo Antonio,PI
Joana Silva,349 .***.***- 57,,,Chácara Miguel Fogaça,Laranjeiras,PE
Luigi Porto,826 .***.***- 83,,,"Parque de Santos, 88",São João,PI
Letícia da Mata,308 .***.***- 31,,,"Aeroporto da Paz, 54",Vila São Dimas,PR
Dr. Thomas Nunes,967 .***.***- 46,,,"Vereda da Mota, 37",Vila Da Luz,SE
